fixture,build,impl,lanes,threads,median_ns,min_ns,max_rel_diff_vs_exact
as_all,lean,plain,0,1,24.69,24.20,4.3e-13
as_all,lean,plain,4,1,17.33,16.95,4.4e-13
as_all,lean,blend,4,1,16.90,16.21,4.4e-13
as_all,lean_native,plain,4,1,12.19,12.03,4.4e-13
as_all,lean_native,blend,4,1,13.39,13.18,4.4e-13
as_all,lean_simd,plain_dispatch,4,1,18.72,18.23,4.4e-13
as_all,lean_simd,blend_dispatch,4,1,18.15,17.87,4.4e-13
as_all,lean_simd,fearless,4,1,8.76,8.38,4.4e-13
as_all,lean,plain,8,1,18.57,18.04,4.3e-13
as_all,lean,blend,8,1,18.46,18.02,4.3e-13
as_all,lean_native,plain,8,1,21.04,20.86,4.3e-13
as_all,lean_native,blend,8,1,13.60,13.10,4.3e-13
as_all,lean_simd,plain_dispatch,8,1,17.43,17.17,4.3e-13
as_all,lean_simd,blend_dispatch,8,1,17.70,17.14,4.3e-13
as_all,lean_simd,fearless,8,1,8.81,8.43,4.3e-13
as_all,lean,plain,0,4,11.96,8.92,4.3e-13
as_all,lean,plain,4,4,9.37,8.79,4.4e-13
as_all,lean,blend,4,4,7.53,5.74,4.4e-13
as_all,lean_native,plain,4,4,7.40,6.44,4.4e-13
as_all,lean_native,blend,4,4,6.63,5.59,4.4e-13
as_all,lean_simd,plain_dispatch,4,4,7.88,7.14,4.4e-13
as_all,lean_simd,blend_dispatch,4,4,11.04,10.33,4.4e-13
as_all,lean_simd,fearless,4,4,5.26,4.29,4.4e-13
as_all,lean,plain,8,4,10.81,7.66,4.3e-13
as_all,lean,blend,8,4,7.99,6.84,4.3e-13
as_all,lean_native,plain,8,4,13.33,10.84,4.3e-13
as_all,lean_native,blend,8,4,7.71,5.77,4.3e-13
as_all,lean_simd,plain_dispatch,8,4,7.89,6.76,4.3e-13
as_all,lean_simd,blend_dispatch,8,4,8.07,5.98,4.3e-13
as_all,lean_simd,fearless,8,4,4.85,3.53,4.3e-13
synth5m,lean,plain,0,1,23.14,22.80,6.0e-12
synth5m,lean,plain,4,1,15.70,15.56,5.9e-12
synth5m,lean,blend,4,1,15.95,15.57,5.9e-12
synth5m,lean_native,plain,4,1,12.95,11.26,5.9e-12
synth5m,lean_native,blend,4,1,15.46,13.07,5.9e-12
synth5m,lean_simd,plain_dispatch,4,1,16.64,15.55,5.9e-12
synth5m,lean_simd,blend_dispatch,4,1,17.84,17.61,5.9e-12
synth5m,lean_simd,fearless,4,1,8.70,8.48,5.9e-12
synth5m,lean,plain,8,1,16.78,16.45,5.9e-12
synth5m,lean,blend,8,1,17.41,16.94,5.9e-12
synth5m,lean_native,plain,8,1,18.95,18.42,5.9e-12
synth5m,lean_native,blend,8,1,12.05,11.90,5.9e-12
synth5m,lean_simd,plain_dispatch,8,1,15.99,15.30,5.9e-12
synth5m,lean_simd,blend_dispatch,8,1,14.64,14.19,5.9e-12
synth5m,lean_simd,fearless,8,1,7.69,7.45,5.9e-12
synth5m,lean,plain,0,4,6.96,6.70,6.0e-12
synth5m,lean,plain,4,4,4.83,4.71,5.9e-12
synth5m,lean,blend,4,4,5.90,5.49,5.9e-12
synth5m,lean_native,plain,4,4,4.22,3.74,5.9e-12
synth5m,lean_native,blend,4,4,4.53,4.07,5.9e-12
synth5m,lean_simd,plain_dispatch,4,4,5.99,5.35,5.9e-12
synth5m,lean_simd,blend_dispatch,4,4,5.48,5.27,5.9e-12
synth5m,lean_simd,fearless,4,4,3.94,3.23,5.9e-12
synth5m,lean,plain,8,4,7.35,6.67,5.9e-12
synth5m,lean,blend,8,4,5.27,5.05,5.9e-12
synth5m,lean_native,plain,8,4,5.99,5.68,5.9e-12
synth5m,lean_native,blend,8,4,4.73,4.38,5.9e-12
synth5m,lean_simd,plain_dispatch,8,4,5.83,4.99,5.9e-12
synth5m,lean_simd,blend_dispatch,8,4,5.12,4.88,5.9e-12
synth5m,lean_simd,fearless,8,4,3.19,2.90,5.9e-12
