load_procs,answers,variant,median_us,p90_us,min_us
0,1800,cpp_serial,96.1,131.9,91.0
0,1800,cpp_par,37.8,56.0,35.5
0,1800,rayon_t4,62.5,74.8,54.7
0,1800,lean_t4,129.7,220.6,92.9
0,1800,rust_default,33.3,41.6,32.8
0,22900,cpp_serial,1222.2,1349.6,1050.9
0,22900,cpp_par,556.0,798.7,516.1
0,22900,rayon_t4,271.8,363.5,189.2
0,22900,lean_t4,1252.5,1867.8,320.1
0,22900,rust_default,532.1,661.2,483.7
4,1800,cpp_serial,151.4,172.0,138.3
4,1800,cpp_par,7972.4,8010.7,51.9
4,1800,rayon_t4,56.1,82.0,40.9
4,1800,lean_t4,3996.0,4047.0,2793.6
4,1800,rust_default,34.8,41.5,32.8
4,22900,cpp_serial,1335.8,1996.9,1081.5
4,22900,cpp_par,7998.8,8062.0,3851.6
4,22900,rayon_t4,557.3,649.5,450.9
4,22900,lean_t4,4027.8,5924.5,1748.0
4,22900,rust_default,622.7,776.7,571.8
