load_procs,fixture,variant,median_ms,p90_ms,min_ms
0,as_all,cpp_serial,26.90,33.36,24.32
0,as_all,cpp_par4,14.65,15.57,13.22
0,as_all,rayon_t4,3.29,4.00,3.15
0,as_all,lean_t4,3.44,4.67,2.87
0,synth5m,cpp_serial,371.84,438.82,305.49
0,synth5m,cpp_par4,122.00,131.35,88.45
0,synth5m,rayon_t4,34.11,35.49,32.16
0,synth5m,lean_t4,40.14,42.19,36.17
2,as_all,cpp_serial,27.37,40.27,24.73
2,as_all,cpp_par4,25.01,37.69,16.43
2,as_all,rayon_t4,6.12,6.66,5.51
2,as_all,lean_t4,6.26,6.88,4.53
2,synth5m,cpp_serial,354.64,489.95,309.72
2,synth5m,cpp_par4,199.17,220.33,146.46
2,synth5m,rayon_t4,58.85,64.43,47.64
2,synth5m,lean_t4,67.72,74.22,51.14
4,as_all,cpp_serial,28.62,54.12,24.75
4,as_all,cpp_par4,40.54,55.74,21.93
4,as_all,rayon_t4,15.99,19.99,9.30
4,as_all,lean_t4,10.24,15.90,6.42
4,synth5m,cpp_serial,464.42,593.88,311.54
4,synth5m,cpp_par4,209.05,271.19,160.25
4,synth5m,rayon_t4,75.98,84.39,61.35
4,synth5m,lean_t4,83.15,88.44,61.03
