seed,method,err
0,batch EM (21 passes),0.0013055861004991898
0,online a=0.6 batch=1,0.011666695541951433
0,online a=0.6 batch=1 +PR avg,0.0027966790060351965
0,online a=0.6 batch=50,0.001988338046993249
0,online a=0.6 batch=50 +PR avg,0.003210687911709531
0,online a=0.75 batch=1,0.0019365290598601925
0,online a=0.75 batch=1 +PR avg,0.003311401838395178
0,online a=0.75 batch=50,0.0016998298185178645
0,online a=0.75 batch=50 +PR avg,0.0016166778762539136
0,online a=1.0 batch=1,0.006536851869536009
0,online a=1.0 batch=50,0.007164012679173992
1,batch EM (22 passes),0.0013055981424510144
1,online a=0.6 batch=1,0.011666695541951433
1,online a=0.6 batch=1 +PR avg,0.0027966790060351965
1,online a=0.6 batch=50,0.0019883487141898193
1,online a=0.6 batch=50 +PR avg,0.0032104928216635242
1,online a=0.75 batch=1,0.0019365290608609198
1,online a=0.75 batch=1 +PR avg,0.0033114012744190346
1,online a=0.75 batch=50,0.0017057354592605878
1,online a=0.75 batch=50 +PR avg,0.0015558722914118528
1,online a=1.0 batch=1,0.008547594882124365
1,online a=1.0 batch=50,0.009888968195080283
2,batch EM (20 passes),0.0013056205875614513
2,online a=0.6 batch=1,0.011666695541951433
2,online a=0.6 batch=1 +PR avg,0.0027966790060351965
2,online a=0.6 batch=50,0.0019883298333286392
2,online a=0.6 batch=50 +PR avg,0.003210836611737211
2,online a=0.75 batch=1,0.0019365290585721395
2,online a=0.75 batch=1 +PR avg,0.003311402562839738
2,online a=0.75 batch=50,0.0016952223988238174
2,online a=0.75 batch=50 +PR avg,0.0016581438810678861
2,online a=1.0 batch=1,0.005602305509047667
2,online a=1.0 batch=50,0.0068565650994802385
