seed,method,err,seconds
0,gamma=1/n (= earlier stream) [last],0.023717794595964792,8.631528902000355
0,gamma=n^-0.6 [last],1402406258.7753813,8.702708552000331
0,gamma=n^-0.6 [PR avg],83828877.2182937,8.702714699999888
0,gamma=n^-0.7 [last],0.27826108550763945,8.653764864999175
0,gamma=n^-0.7 [PR avg],0.023968561731355142,8.653769739999916
0,gamma=n^-0.8 [last],0.004319536510014599,8.840651583999716
0,gamma=n^-0.8 [PR avg],0.0020730440939110695,8.840656653999758
0,gamma=3e-5 const (M&D) [last],0.004274966044971185,8.66301601000032
0,gamma=1e-4 const (M&D) [last],0.17033710003998875,8.187352122999982
1,gamma=1/n (= earlier stream) [last],0.024591567441511253,8.016784795999229
1,gamma=n^-0.6 [last],14553107948.944307,8.668637263000164
1,gamma=n^-0.6 [PR avg],95163395.73417808,8.668641342999763
1,gamma=n^-0.7 [last],0.27789544235205804,8.641109066000354
1,gamma=n^-0.7 [PR avg],0.023825460723019387,8.641113581999889
1,gamma=n^-0.8 [last],0.004319408769664912,8.332619949999753
1,gamma=n^-0.8 [PR avg],0.002073263337565634,8.332624048999605
1,gamma=3e-5 const (M&D) [last],0.004292316892147818,8.243148012999882
1,gamma=1e-4 const (M&D) [last],0.17034524965591663,8.17404820899992
2,gamma=1/n (= earlier stream) [last],0.023746969240567017,7.95295952700053
2,gamma=n^-0.6 [last],1044877544.4183016,9.070894633000535
2,gamma=n^-0.6 [PR avg],94167502.29583073,9.070901764000155
2,gamma=n^-0.7 [last],0.28101282710558023,8.94236698900022
2,gamma=n^-0.7 [PR avg],0.024661301521819612,8.9423720220002
2,gamma=n^-0.8 [last],0.004319784731628751,8.145970087999558
2,gamma=n^-0.8 [PR avg],0.0020717914370866897,8.145974524999474
2,gamma=3e-5 const (M&D) [last],0.004223549813977934,8.021491954999874
2,gamma=1e-4 const (M&D) [last],0.1703156503035746,7.881466679999903
