skill,seed,method,passes,auc,rmse,ll,prior,learn,guess,slip,ll_b,auc_b,d_ll,d_auc
Percent Of,0,batch,36,0.917939257750235,0.3640180617751029,-0.4236750618828785,0.059388563202185815,0.011997118780219713,0.5401344569001006,0.0007283302196637631,-0.4236750618828785,0.917939257750235,0.0,0.0
Percent Of,0,CM a=.75 b=50 x1,1,0.7400123630539076,0.39240924488230094,-0.48436259692625844,0.5266786701388949,0.08885362582898906,0.17296648746406737,0.16999390387883273,-0.4236750618828785,0.917939257750235,-0.060687535043379925,-0.1779268946963274
Percent Of,0,CM a=.75 b=50 x1 +PR,1,0.7350004017344562,0.39361645601871165,-0.48762493163022896,0.4411904154756127,0.11115236126117331,0.15789958854276884,0.20109661586443697,-0.4236750618828785,0.917939257750235,-0.06394986974735045,-0.18293885601577875
Percent Of,0,CM a=.75 b=50 x3,3,0.7432808292317542,0.39266242724054895,-0.48464945142906285,0.5345315976632998,0.07177353326342707,0.18525790405962264,0.17275109085345577,-0.4236750618828785,0.917939257750235,-0.06097438954618434,-0.1746584285184808
Percent Of,0,CM a=.75 b=50 x3 +PR,3,0.7404138545254739,0.392685262989305,-0.4849301043157266,0.504397952002625,0.07775140641660559,0.1816677012790963,0.17994300567424093,-0.4236750618828785,0.917939257750235,-0.06125504243284807,-0.17752540322476107
Percent Of,0,CM a=.75 b=10 x1,1,0.7425916440529046,0.39257342353778435,-0.4844213164297352,0.5486136451356549,0.07378813761811308,0.1796850288274578,0.16655372102998173,-0.4236750618828785,0.917939257750235,-0.06074625454685667,-0.17534761369733043
Percent Of,1,batch,39,0.9179522169262389,0.36401806965332173,-0.42367506056916926,0.05938857205239482,0.011997141327995698,0.540134414559671,0.0007283367129754369,-0.42367506056916926,0.9179522169262389,0.0,0.0
Percent Of,1,CM a=.75 b=50 x1,1,0.7359104598693196,0.3922415609691822,-0.4839378330145935,0.5838550079573415,0.09122102802606032,0.1365143746247938,0.17722989928828312,-0.42367506056916926,0.9179522169262389,-0.06026277244542422,-0.18204175705691927
Percent Of,1,CM a=.75 b=50 x1 +PR,1,0.7271098024503211,0.3942596808920864,-0.48912036590864516,0.5116016745301811,0.12072860586681733,0.10724174807072039,0.21555062225122443,-0.42367506056916926,0.9179522169262389,-0.0654453053394759,-0.19084241447591777
Percent Of,1,CM a=.75 b=50 x3,3,0.7398170034756509,0.3925524231734878,-0.48437745943687227,0.5651125596007021,0.07042709152388864,0.1699723805651108,0.17591095472425636,-0.42367506056916926,0.9179522169262389,-0.06070239886770301,-0.17813521345058791
Percent Of,1,CM a=.75 b=50 x3 +PR,3,0.7383326918541212,0.39255886244706867,-0.48468035252386393,0.5438558067415572,0.07710356384821626,0.16101730209116594,0.18507514328059985,-0.42367506056916926,0.9179522169262389,-0.061005291954694674,-0.17961952507211765
Percent Of,1,CM a=.75 b=10 x1,1,0.7396055259222398,0.392553322432583,-0.4842179506450686,0.5931295447480979,0.07002594172183563,0.16382528817234968,0.16954137561152444,-0.42367506056916926,0.9179522169262389,-0.06054289007589936,-0.17834669100399902
Percent Of,2,batch,29,0.9177439791668285,0.3640180616361106,-0.42367506174141367,0.05938855821078333,0.01199712037056026,0.54013445515479,0.0007283303265435115,-0.42367506174141367,0.9177439791668285,0.0,0.0
Percent Of,2,CM a=.75 b=50 x1,1,0.744792679102292,0.3927395696655094,-0.484797456123095,0.5351936257171992,0.07477718250590748,0.19244839146786322,0.1680234107816096,-0.42367506174141367,0.9177439791668285,-0.06112239438168132,-0.17295130006453652
Percent Of,2,CM a=.75 b=50 x1 +PR,1,0.7393500681652657,0.3935372550751076,-0.4871032117304111,0.4529418308859865,0.08663122660290462,0.18808947199216663,0.1948570734888973,-0.42367506174141367,0.9177439791668285,-0.06342814998899743,-0.17839391100156277
Percent Of,2,CM a=.75 b=50 x3,3,0.7463910314726547,0.39289038074201454,-0.48499143919322196,0.5354204814293689,0.06653226143327462,0.1967927897171594,0.17130593350323794,-0.42367506174141367,0.9177439791668285,-0.06131637745180829,-0.17135294769417375
Percent Of,2,CM a=.75 b=50 x3 +PR,3,0.7439888862106592,0.3929061222280024,-0.4852409447021115,0.5066815961996097,0.07068876784822938,0.19494777014743575,0.17812947873183,-0.42367506174141367,0.9177439791668285,-0.061565882960697815,-0.1737550929561693
Percent Of,2,CM a=.75 b=10 x1,1,0.7456987684895043,0.3927665957264624,-0.4847362658198,0.5415820707183687,0.06968291383473925,0.191396122541776,0.1653370863667994,-0.42367506174141367,0.9177439791668285,-0.06106120407838633,-0.17204521067732415
Addition and Subtraction Integers,0,batch,24,0.8557578203350686,0.39741343632686704,-0.48575153009940136,0.5747297615596575,0.007975163059836622,0.4296786103986434,0.09825582776817238,-0.48575153009940136,0.8557578203350686,0.0,0.0
Addition and Subtraction Integers,0,CM a=.75 b=50 x1,1,0.8439196592397844,0.39711397184763,-0.4900817552891843,0.6206484257265635,0.014163740614340734,0.3817958792843346,0.10183854158277324,-0.48575153009940136,0.8557578203350686,-0.0043302251897829325,-0.011838161095284239
Addition and Subtraction Integers,0,CM a=.75 b=50 x1 +PR,1,0.8285645060828157,0.4012459609560811,-0.49911380579318027,0.5856988420255119,0.016652368279629782,0.37440639485400423,0.13015467683332288,-0.48575153009940136,0.8557578203350686,-0.013362275693778902,-0.02719331425225291
Addition and Subtraction Integers,0,CM a=.75 b=50 x3,3,0.850939547869849,0.3969267968657263,-0.48663136329551804,0.6138880023699979,0.00941968427013479,0.4081944793388881,0.09854512890445143,-0.48575153009940136,0.8557578203350686,-0.000879833196116675,-0.004818272465219597
Addition and Subtraction Integers,0,CM a=.75 b=50 x3 +PR,3,0.8475345428376471,0.39819532753150694,-0.4898670639022014,0.617835731053443,0.01080368683759181,0.4084000286016863,0.10872242562958642,-0.48575153009940136,0.8557578203350686,-0.004115533802800053,-0.008223277497421577
Addition and Subtraction Integers,0,CM a=.75 b=10 x1,1,0.8511225673065355,0.3951478908221202,-0.48449607686681173,0.5947797835315722,0.008776117171498342,0.38636186497766306,0.08689910375780976,-0.48575153009940136,0.8557578203350686,0.0012554532325896317,-0.004635253028533182
Addition and Subtraction Integers,1,batch,25,0.8557592076867719,0.3974134426582299,-0.4857515035511194,0.5747304081009093,0.00797495782494907,0.42967884362801356,0.09825589359493803,-0.4857515035511194,0.8557592076867719,0.0,0.0
Addition and Subtraction Integers,1,CM a=.75 b=50 x1,1,0.8353851155142324,0.3987686920234796,-0.494467609020697,0.676912755793377,0.012617390925777338,0.3661127890427099,0.11316949364088642,-0.4857515035511194,0.8557592076867719,-0.008716105469577573,-0.020374092172539493
Addition and Subtraction Integers,1,CM a=.75 b=50 x1 +PR,1,0.8117779389325517,0.40381160647889175,-0.5050491184473263,0.654287033619924,0.014891932495499116,0.35386549586739485,0.1473791852542927,-0.4857515035511194,0.8557592076867719,-0.01929761489620685,-0.04398126875422026
Addition and Subtraction Integers,1,CM a=.75 b=50 x3,3,0.848121670078442,0.3973098979015583,-0.48822201858305525,0.6382903622655559,0.008833509244504618,0.40061064041946315,0.10317703543448925,-0.4857515035511194,0.8557592076867719,-0.0024705150319358493,-0.0076375376083299695
Addition and Subtraction Integers,1,CM a=.75 b=50 x3 +PR,3,0.843337914923598,0.39873992500797584,-0.4919594232908357,0.6488937274087548,0.00996356301636891,0.399228191370761,0.11500036760490844,-0.4857515035511194,0.8557592076867719,-0.006207919739716294,-0.012421292763173941
Addition and Subtraction Integers,1,CM a=.75 b=10 x1,1,0.8503786693232787,0.39533128935352857,-0.48492733135048965,0.6102824087061366,0.007850201009361069,0.3841717934267987,0.08831845948741769,-0.4857515035511194,0.8557592076867719,0.0008241722006297469,-0.005380538363493281
Addition and Subtraction Integers,2,batch,22,0.8557567104537062,0.39741343315190636,-0.48575160961982067,0.5747298890357739,0.007975470820551408,0.42967797669773933,0.09825585944765168,-0.48575160961982067,0.8557567104537062,0.0,0.0
Addition and Subtraction Integers,2,CM a=.75 b=50 x1,1,0.8471564062574223,0.3965250273451532,-0.48783598664671485,0.6183359529568021,0.011401546622784696,0.38875528870683496,0.09780209120379157,-0.48575160961982067,0.8557567104537062,-0.0020843770268941797,-0.008600304196283881
Addition and Subtraction Integers,2,CM a=.75 b=50 x1 +PR,1,0.8362491026609185,0.39990769465262543,-0.4955835962720643,0.5856871481316791,0.012920373041948055,0.3837882412355226,0.12326992146189311,-0.48575160961982067,0.8557567104537062,-0.009831986652243607,-0.019507607792787707
Addition and Subtraction Integers,2,CM a=.75 b=50 x3,3,0.8527564236603621,0.3967515546514643,-0.48584384238770245,0.6089544765240373,0.00867934289108867,0.4121099526771533,0.09682933841476579,-0.48575160961982067,0.8557567104537062,-9.223276788178358e-05,-0.0030002867933440758
Addition and Subtraction Integers,2,CM a=.75 b=50 x3 +PR,3,0.8493136271677648,0.3980228886581045,-0.48874702709772483,0.6129500488683526,0.009686578481330128,0.413520318681558,0.10625691089882909,-0.48575160961982067,0.8557567104537062,-0.002995417477904161,-0.006443083285941342
Addition and Subtraction Integers,2,CM a=.75 b=10 x1,1,0.8538688022559893,0.394743164157383,-0.4829768337539462,0.5787107126918019,0.007776579580814909,0.39318658526464406,0.08387189276285928,-0.48575160961982067,0.8557567104537062,0.0027747758658744903,-0.0018879081977168921
Conversion of Fraction Decimals Percents,0,batch,31,0.693743401452987,0.4544422768946417,-0.6005604027136741,0.613416332236512,0.0117156486385266,0.4040980465271175,0.18659132949001278,-0.6005604027136741,0.693743401452987,0.0,0.0
Conversion of Fraction Decimals Percents,0,CM a=.75 b=50 x1,1,0.6923753462603879,0.4546100546760724,-0.6010039075782118,0.5362704933378851,0.02395211725806006,0.38781765100439053,0.1776394129521254,-0.6005604027136741,0.693743401452987,-0.00044350486453770266,-0.0013680551925990825
Conversion of Fraction Decimals Percents,0,CM a=.75 b=50 x1 +PR,1,0.6899567501175978,0.4551572624244416,-0.6022908058821812,0.4583577106151485,0.029712036946409302,0.406254478040229,0.20288326470817003,-0.6005604027136741,0.693743401452987,-0.0017304031685071442,-0.003786651335389135
Conversion of Fraction Decimals Percents,0,CM a=.75 b=50 x3,3,0.6936012386975382,0.454411573593613,-0.6004512989381848,0.5881910281347777,0.015570923553370157,0.4006824244524569,0.17932598311044542,-0.6005604027136741,0.693743401452987,0.00010910377548922767,-0.00014216275544876034
Conversion of Fraction Decimals Percents,0,CM a=.75 b=50 x3 +PR,3,0.6934172633669576,0.45427363096428003,-0.6002048802713079,0.567380598729202,0.01858144238767471,0.4076948026699222,0.18400198713637816,-0.6005604027136741,0.693743401452987,0.0003555224423661407,-0.00032613808602932615
Conversion of Fraction Decimals Percents,0,CM a=.75 b=10 x1,1,0.6944670203313646,0.45541969808482147,-0.6021936253136067,0.5235189603241696,0.015185495856559551,0.3895101111930782,0.15337358279404129,-0.6005604027136741,0.693743401452987,-0.0016332225999325933,0.0007236188783776853
Conversion of Fraction Decimals Percents,1,batch,33,0.693743401452987,0.4544422742214183,-0.6005603914905193,0.6134152464868207,0.01171570098239915,0.40409827601149817,0.18659109166410362,-0.6005603914905193,0.693743401452987,0.0,0.0
Conversion of Fraction Decimals Percents,1,CM a=.75 b=50 x1,1,0.6904436052892907,0.4548245250198243,-0.6018806094823553,0.5918564360111099,0.02359694470725666,0.3668368230272385,0.19380275285374943,-0.6005603914905193,0.693743401452987,-0.0013202179918360146,-0.0032997961636962447
Conversion of Fraction Decimals Percents,1,CM a=.75 b=50 x1 +PR,1,0.687714158783254,0.4552456156277681,-0.6029549519332643,0.5210699044648941,0.02948517729615662,0.3875359592360132,0.21944022092894772,-0.6005603914905193,0.693743401452987,-0.0023945604427449974,-0.006029242669732926
Conversion of Fraction Decimals Percents,1,CM a=.75 b=50 x3,3,0.6930516646631475,0.45447742847461886,-0.6007787648071221,0.619235537083286,0.014692303149870826,0.3920531701368708,0.18658756406850216,-0.6005603914905193,0.693743401452987,-0.00021837331660279347,-0.00069173678983947
Conversion of Fraction Decimals Percents,1,CM a=.75 b=50 x3 +PR,3,0.692826399414624,0.45433990963085963,-0.6005869375439825,0.6052243729287805,0.017621847893167286,0.3970834602967245,0.19315511409754338,-0.6005603914905193,0.693743401452987,-2.6546053463194497e-05,-0.0009170020383629796
Conversion of Fraction Decimals Percents,1,CM a=.75 b=10 x1,1,0.6937206658652589,0.45538787960172383,-0.6022822701831932,0.5551213484907341,0.014453569462031846,0.3813143992247901,0.16008757388470068,-0.6005603914905193,0.693743401452987,-0.0017218786926739282,-2.273558772802886e-05
Conversion of Fraction Decimals Percents,2,batch,22,0.6937428787957979,0.45444228478798904,-0.6005604614002757,0.613422319348833,0.011715615247062501,0.4040961560537765,0.18659279733935183,-0.6005604614002757,0.6937428787957979,0.0,0.0
Conversion of Fraction Decimals Percents,2,CM a=.75 b=50 x1,1,0.693233288036377,0.45455863148460307,-0.6006862159777914,0.5385692887150688,0.020254012572774645,0.39601698800405505,0.17110317418592266,-0.6005604614002757,0.6937428787957979,-0.00012575457751562436,-0.0005095907594209192
Conversion of Fraction Decimals Percents,2,CM a=.75 b=50 x1 +PR,1,0.6917803010505409,0.4547861880530823,-0.6012784862141625,0.46614008468890844,0.024669197752162288,0.4154474363917002,0.19404575532630347,-0.6005604614002757,0.6937428787957979,-0.0007180248138867196,-0.001962577745256988
Conversion of Fraction Decimals Percents,2,CM a=.75 b=50 x3,3,0.6940956723984738,0.4544243693241638,-0.6004132365449756,0.5857904263833171,0.014687356623645021,0.40372845305400795,0.17756526347935842,-0.6005604614002757,0.6937428787957979,0.00014722485530016538,0.0003527936026759271
Conversion of Fraction Decimals Percents,2,CM a=.75 b=50 x3 +PR,3,0.6936823812261538,0.45427468012238575,-0.600119621264301,0.5657166821377232,0.01716750523689262,0.4117014185969005,0.1815062116369304,-0.6005604614002757,0.6937428787957979,0.0004408401359747849,-6.0497569644102356e-05
Conversion of Fraction Decimals Percents,2,CM a=.75 b=10 x1,1,0.6944583964877437,0.45544363059436155,-0.6022391016330113,0.5301365097106581,0.014416685251112895,0.3894047146858858,0.1536693551074391,-0.6005604614002757,0.6937428787957979,-0.001678640232735562,0.0007155176919457773
Volume Rectangular Prism,0,batch,10,0.8431195639836725,0.20458789638084054,-0.1804099645744304,0.9201911524257773,0.005693800535368674,0.2191828533794469,0.052002955062499044,-0.1804099645744304,0.8431195639836725,0.0,0.0
Volume Rectangular Prism,0,CM a=.75 b=50 x1,1,0.846210132377113,0.20520743288985846,-0.18086583792186559,0.7983902596923937,0.020375160456173328,0.24155792607127785,0.05142960321541535,-0.1804099645744304,0.8431195639836725,-0.00045587334743518726,0.0030905683934404626
Volume Rectangular Prism,0,CM a=.75 b=50 x1 +PR,1,0.8443173792778742,0.20545966606216637,-0.18111687054804484,0.7540933923051661,0.020157971140236448,0.23716880111830055,0.05102036119987374,-0.1804099645744304,0.8431195639836725,-0.0007069059736144467,0.0011978152942017095
Volume Rectangular Prism,0,CM a=.75 b=50 x3,3,0.8685387861998228,0.2072054648998316,-0.17661770630491544,0.8669462678037354,0.006172674805241689,0.3600230876205549,0.03674783328247971,-0.1804099645744304,0.8431195639836725,0.0037922582695149587,0.02541922221615034
Volume Rectangular Prism,0,CM a=.75 b=50 x3 +PR,3,0.8598952837763418,0.20571242601058656,-0.17684614616190056,0.8598864112032885,0.00797343960070406,0.3299457788680714,0.041140642511615554,-0.1804099645744304,0.8431195639836725,0.00356381841252984,0.01677571979266934
Volume Rectangular Prism,0,CM a=.75 b=10 x1,1,0.8444939381455434,0.20418280621040952,-0.17933335224826927,0.8496369109297947,0.012281049716702554,0.2343671526158583,0.049863742942454076,-0.1804099645744304,0.8431195639836725,0.0010766123261611305,0.001374374161870917
Volume Rectangular Prism,1,batch,8,0.8431195639836725,0.2045879008836866,-0.18040997747713056,0.9201918754545031,0.005693793534579677,0.21918269533015364,0.05200297057144019,-0.18040997747713056,0.8431195639836725,0.0,0.0
Volume Rectangular Prism,1,CM a=.75 b=50 x1,1,0.8153060248611699,0.21333323763640535,-0.1942953597746836,0.8882683925943855,0.01992670810457279,0.12879474200095348,0.06585723528077571,-0.18040997747713056,0.8431195639836725,-0.01388538229755304,-0.027813539122502617
Volume Rectangular Prism,1,CM a=.75 b=50 x1 +PR,1,0.8142800391792534,0.21359243425970278,-0.19441764997432853,0.854447386294274,0.019767598337070747,0.12658432411103282,0.06532257550001236,-0.18040997747713056,0.8431195639836725,-0.014007672497197976,-0.028839524804419092
Volume Rectangular Prism,1,CM a=.75 b=50 x3,3,0.8408658110567888,0.2050719509245633,-0.18153686685211862,0.921529274636555,0.007345381477640104,0.21180340488825505,0.053938454508196766,-0.18040997747713056,0.8431195639836725,-0.0011268893749880604,-0.0022537529268836787
Volume Rectangular Prism,1,CM a=.75 b=50 x3 +PR,3,0.8380540059945939,0.20560801985602875,-0.1825590463828102,0.9161540196104089,0.008859152700220887,0.2001265611715984,0.05523565203477575,-0.18040997747713056,0.8431195639836725,-0.0021490689056796464,-0.005065557989078595
Volume Rectangular Prism,1,CM a=.75 b=10 x1,1,0.8300930927648698,0.2079811906668042,-0.18649189346590728,0.9066497481235695,0.010981871658152334,0.17132236401237916,0.05981115330574001,-0.18040997747713056,0.8431195639836725,-0.0060819159887767205,-0.013026471218802738
Volume Rectangular Prism,2,batch,11,0.8431208776657236,0.2045879277543045,-0.18041005183460593,0.9201960476433527,0.005693737870764019,0.21918181514069365,0.05200305964284009,-0.18041005183460593,0.8431208776657236,0.0,0.0
Volume Rectangular Prism,2,CM a=.75 b=50 x1,1,0.8459628974150941,0.20481502884746752,-0.18029650732996794,0.8230103698686336,0.014913568922796609,0.24254210695780562,0.05131467635039407,-0.18041005183460593,0.8431208776657236,0.00011354450463799126,0.0028420197493704835
Volume Rectangular Prism,2,CM a=.75 b=50 x1 +PR,1,0.846247966420185,0.20497626875996083,-0.18042754558509252,0.7847283999623144,0.014778830759954377,0.2385549563883901,0.050869682060363096,-0.18041005183460593,0.8431208776657236,-1.749375048659685e-05,0.003127088754461327
Volume Rectangular Prism,2,CM a=.75 b=50 x3,3,0.8685406253546942,0.20721542466375983,-0.17663925381323803,0.8734897259470662,0.00552062727199419,0.3599197598044065,0.03677656964373938,-0.18041005183460593,0.8431208776657236,0.0037707980213678993,0.025419747688970595
Volume Rectangular Prism,2,CM a=.75 b=50 x3 +PR,3,0.8606243773147078,0.2057135238271917,-0.1768416187881406,0.8693932332966274,0.0067307078000433795,0.32998671417369335,0.041155120243239265,-0.18041005183460593,0.8431208776657236,0.0035684330464653413,0.017503499648984122
Volume Rectangular Prism,2,CM a=.75 b=10 x1,1,0.8454960148141297,0.20407625372640525,-0.17912158075758836,0.8613281967651203,0.00982110261965296,0.23487926359288036,0.049710340729464716,-0.18041005183460593,0.8431208776657236,0.0012884710770175722,0.0023751371484060924
Venn Diagram,0,batch,22,0.7350540375938371,0.33354598214613734,-0.3781037861939253,0.7881534485583871,0.05290682270678636,0.06953572131854345,0.13787536736540007,-0.3781037861939253,0.7350540375938371,0.0,0.0
Venn Diagram,0,CM a=.75 b=50 x1,1,0.7417858709864726,0.3324742323787988,-0.37566101648125455,0.672136457360896,0.08910870096538244,0.0878930563640268,0.12701704873714859,-0.3781037861939253,0.7350540375938371,0.002442769712670767,0.0067318333926355
Venn Diagram,0,CM a=.75 b=50 x1 +PR,1,0.742064190243764,0.3329810289139171,-0.37813693975979507,0.5660838963083572,0.14944417202010746,0.11292265084684279,0.14100511778194175,-0.3781037861939253,0.7350540375938371,-3.3153565869747936e-05,0.007010152649926882
Venn Diagram,0,CM a=.75 b=50 x3,3,0.7377514423486216,0.33299194284841377,-0.37672100200919933,0.7457916736812303,0.06724427037070972,0.0768043513717609,0.13180249338610325,-0.3781037861939253,0.7350540375938371,0.0013827841847259825,0.002697404754784416
Venn Diagram,0,CM a=.75 b=50 x3 +PR,3,0.738894188475618,0.33287271409370656,-0.3769894770449778,0.6979912126342069,0.08383705573282088,0.08546802669334204,0.13570807547780991,-0.3781037861939253,0.7350540375938371,0.001114309148947501,0.0038401508817809127
Venn Diagram,0,CM a=.75 b=10 x1,1,0.7344683665606506,0.3330517487312354,-0.376582088510518,0.7569088399210089,0.06284079211918667,0.0671958257881088,0.12904248212191477,-0.3781037861939253,0.7350540375938371,0.0015216976834073193,-0.0005856710331865189
Venn Diagram,1,batch,21,0.7350514181184745,0.33354598182064954,-0.3781037855131058,0.7881534124120149,0.052906833378461936,0.06953572413454823,0.13787536556257676,-0.3781037855131058,0.7350514181184745,0.0,0.0
Venn Diagram,1,CM a=.75 b=50 x1,1,0.7335292846431075,0.3327354384612028,-0.3760945559857452,0.7126907201200788,0.08157435658385656,0.06459899583119356,0.12814217004892012,-0.3781037855131058,0.7350514181184745,0.002009229527360601,-0.0015221334753670046
Venn Diagram,1,CM a=.75 b=50 x1 +PR,1,0.7293573335487123,0.33302219899694985,-0.3783432004583058,0.6209482120178229,0.14894668946938133,0.07079912080306479,0.1430396075164383,-0.3781037855131058,0.7350514181184745,-0.0002394149451999672,-0.00569408456976217
Venn Diagram,1,CM a=.75 b=50 x3,3,0.7343941480920396,0.3331619847576063,-0.3770617686189746,0.7658662603055726,0.0629794910970431,0.06801050678644961,0.13286603028215424,-0.3781037855131058,0.7350514181184745,0.0010420168941311925,-0.0006572700264348974
Venn Diagram,1,CM a=.75 b=50 x3 +PR,3,0.7344271098236874,0.333076606818239,-0.37739946838747285,0.7253215294155326,0.07866914210018565,0.0713317632262569,0.13729276987730848,-0.3781037855131058,0.7350514181184745,0.0007043171256329583,-0.0006243082947871015
Venn Diagram,1,CM a=.75 b=10 x1,1,0.7313955036705397,0.33325883490840735,-0.3769669266776288,0.7816543921242871,0.057500421019527466,0.05792852416413755,0.1297270922972076,-0.3781037855131058,0.7350514181184745,0.0011368588354769837,-0.0036559144479347827
Venn Diagram,2,batch,29,0.9314660112157204,0.29890778083794506,-0.29458068182707803,0.08895344423530345,0.01547398614683485,0.5732942156390622,3.831948454423214e-11,-0.29458068182707803,0.9314660112157204,0.0,0.0
Venn Diagram,2,CM a=.75 b=50 x1,1,0.7489414045190316,0.33260499817431777,-0.3756926279332895,0.694208262430294,0.07605870993223107,0.10949340723289891,0.12584013914880332,-0.29458068182707803,0.9314660112157204,-0.08111194610621147,-0.1825246066966888
Venn Diagram,2,CM a=.75 b=50 x1 +PR,1,0.7525652303937725,0.33295276900069837,-0.37776710555817433,0.5979631281215433,0.11828762589787267,0.1431406000770663,0.13896873996748654,-0.29458068182707803,0.9314660112157204,-0.0831864237310963,-0.17890078082194782
Venn Diagram,2,CM a=.75 b=50 x3,3,0.7402259734079593,0.33302411339439514,-0.37673328740231793,0.7524928258633763,0.0632539957440423,0.08442490797769607,0.13147756924827853,-0.29458068182707803,0.9314660112157204,-0.0821526055752399,-0.1912400378077611
Venn Diagram,2,CM a=.75 b=50 x3 +PR,3,0.7435326244741948,0.33290828878138334,-0.37696455494691083,0.7078977960554578,0.07690098211960839,0.09781509654904648,0.1350723407951121,-0.29458068182707803,0.9314660112157204,-0.0823838731198328,-0.1879333867415256
Venn Diagram,2,CM a=.75 b=10 x1,1,0.7361256213068126,0.3330719066810262,-0.3765946742377,0.7625960088680908,0.06007170138696704,0.07235805403204067,0.12893092267944414,-0.29458068182707803,0.9314660112157204,-0.08201399241062196,-0.19534038990890779
Equation Solving Two or Fewer Steps,0,batch,63,0.6812357375800628,0.4548260729275404,-0.6030965662353059,0.7149245541917222,0.040685658046139064,0.2241915651515348,0.2705544262374193,-0.6030965662353059,0.6812357375800628,0.0,0.0
Equation Solving Two or Fewer Steps,0,CM a=.75 b=50 x1,1,0.68089945226581,0.4544151164421137,-0.6024056641325685,0.6071101313891287,0.06272292217350814,0.23514423892136813,0.26465550965565005,-0.6030965662353059,0.6812357375800628,0.0006909021027374784,-0.0003362853142528932
Equation Solving Two or Fewer Steps,0,CM a=.75 b=50 x1 +PR,1,0.681173462521868,0.4543417403102297,-0.6022493896858624,0.5766243091838873,0.06340161947878331,0.23785286301902528,0.2617791338485492,-0.6030965662353059,0.6812357375800628,0.0008471765494435513,-6.227505819489387e-05
Equation Solving Two or Fewer Steps,0,CM a=.75 b=50 x3,3,0.6820609178914094,0.4542907563473291,-0.6020842875774601,0.6607733062125167,0.04820315282457053,0.2406126084645342,0.2645601523636367,-0.6030965662353059,0.6812357375800628,0.001012278657845811,0.0008251803113465961
Equation Solving Two or Fewer Steps,0,CM a=.75 b=50 x3 +PR,3,0.682209375903704,0.454236473512732,-0.6019978078103367,0.6520205347931788,0.051413699272604835,0.24459069685782223,0.2633711878604055,-0.6030965662353059,0.6812357375800628,0.001098758424969204,0.0009736383236411683
Equation Solving Two or Fewer Steps,0,CM a=.75 b=10 x1,1,0.6809993786810287,0.4546020562695131,-0.6026647857736509,0.6635331311613701,0.04525588868876946,0.22014088149624433,0.2686079249745125,-0.6030965662353059,0.6812357375800628,0.00043178046165504025,-0.0002363588990341725
Equation Solving Two or Fewer Steps,1,batch,61,0.6812298679768767,0.4548289007070228,-0.603102117601716,0.7150429262670566,0.04069154738248218,0.2240634573549318,0.2705824401602134,-0.603102117601716,0.6812298679768767,0.0,0.0
Equation Solving Two or Fewer Steps,1,CM a=.75 b=50 x1,1,0.6762502970591856,0.45607606932840383,-0.6056051252589695,0.6786277042848609,0.06544342096635944,0.1716146382673801,0.27667060405864946,-0.603102117601716,0.6812298679768767,-0.002503007657253531,-0.0049795709176910785
Equation Solving Two or Fewer Steps,1,CM a=.75 b=50 x1 +PR,1,0.6760706299372667,0.4560453727231476,-0.6055587656167695,0.6545577118778013,0.06684413630598708,0.1737857789097566,0.27807555822949553,-0.603102117601716,0.6812298679768767,-0.0024566480150535197,-0.005159238039609937
Equation Solving Two or Fewer Steps,1,CM a=.75 b=50 x3,3,0.6784624216551136,0.4554614175970152,-0.6043598909138371,0.7117517536900578,0.04970881300763295,0.1916700018199082,0.27489162228670894,-0.603102117601716,0.6812298679768767,-0.0012577733121211798,-0.0027674463217630674
Equation Solving Two or Fewer Steps,1,CM a=.75 b=50 x3 +PR,3,0.6783493244229895,0.45546003738937835,-0.6043756887558537,0.7081142586184569,0.053336207100347484,0.19253159708093767,0.27498148166556374,-0.603102117601716,0.6812298679768767,-0.0012735711541377315,-0.002880543553887227
Equation Solving Two or Fewer Steps,1,CM a=.75 b=10 x1,1,0.6796864486610148,0.45512503485456546,-0.6036781280261797,0.6908753789826994,0.04425086686628751,0.20001421930888907,0.27269676344634336,-0.603102117601716,0.6812298679768767,-0.0005760104244637576,-0.0015434193158618825
Equation Solving Two or Fewer Steps,2,batch,105,0.6812360239021695,0.45482602148878615,-0.6030964652556812,0.7149223992285032,0.04068555061745201,0.2241938976103421,0.27055391615086277,-0.6030964652556812,0.6812360239021695,0.0,0.0
Equation Solving Two or Fewer Steps,2,CM a=.75 b=50 x1,1,0.6872185811594328,0.45385748209747545,-0.6011960041007611,0.5462877522833158,0.03942479962689866,0.3284723102769708,0.2405260530802628,-0.6030964652556812,0.6812360239021695,0.0019004611549200412,0.005982557257263266
Equation Solving Two or Fewer Steps,2,CM a=.75 b=50 x1 +PR,1,0.6874993199849967,0.45378673812955406,-0.6010265659922976,0.5237543551909,0.03776644595766585,0.3264401266185852,0.23239204788885442,-0.6030964652556812,0.6812360239021695,0.0020698992633835234,0.006263296082827163
Equation Solving Two or Fewer Steps,2,CM a=.75 b=50 x3,3,0.6866780050220899,0.4538682648419765,-0.6012139959378558,0.5869045512209966,0.03674402572718158,0.32323275570802934,0.2427773533317544,-0.6030964652556812,0.6812360239021695,0.0018824693178253193,0.005441981119920336
Equation Solving Two or Fewer Steps,2,CM a=.75 b=50 x3 +PR,3,0.6869860876088382,0.45390188683598953,-0.6012685003160706,0.5799868757314153,0.03738544803486666,0.3287107132829864,0.23997695443239428,-0.6030964652556812,0.6812360239021695,0.0018279649396105713,0.00575006370666864
Equation Solving Two or Fewer Steps,2,CM a=.75 b=10 x1,1,0.6846675943502922,0.45376489265260567,-0.6010514022548066,0.5962403990768012,0.03871019209200412,0.2880130249725544,0.2535695081744573,-0.6030964652556812,0.6812360239021695,0.002045063000874592,0.0034315704481227005
Volume Cylinder,0,batch,14,0.9590883383253404,0.24279786979197834,-0.22342565426676606,0.663753587034117,0.012270991062187077,0.009864246717089274,0.13434456489232438,-0.22342565426676606,0.9590883383253404,0.0,0.0
Volume Cylinder,0,CM a=.75 b=50 x1,1,0.9589648366488338,0.24256954973033812,-0.2264883316848093,0.5403082967810915,0.021248141510150656,0.01708604306793845,0.1324118578494506,-0.22342565426676606,0.9590883383253404,-0.0030626774180432526,-0.0001235016765065433
Volume Cylinder,0,CM a=.75 b=50 x1 +PR,1,0.9592943668230636,0.24261291598117557,-0.22491507616701417,0.4406734566175612,0.018972126637442212,0.013136740550328235,0.12465714396798848,-0.22342565426676606,0.9590883383253404,-0.0014894219002481168,0.00020602849772322074
Volume Cylinder,0,CM a=.75 b=50 x3,3,0.9590941094317191,0.24262766329746668,-0.224302109829118,0.637099941531093,0.015066225009378428,0.011995556913690246,0.13485477570643345,-0.22342565426676606,0.9590883383253404,-0.000876455562351941,5.77110637878242e-06
Volume Cylinder,0,CM a=.75 b=50 x3 +PR,3,0.9591102685295797,0.24233170492590156,-0.22387102195215405,0.601801272423104,0.015878496031330073,0.011086132614304873,0.1325110978666384,-0.22342565426676606,0.9590883383253404,-0.0004453676853879984,2.1930204239350992e-05
Volume Cylinder,0,CM a=.75 b=10 x1,1,0.9587865094617288,0.24209170470781263,-0.22482067462530123,0.5944117303201457,0.018155030279800366,0.016856407511851274,0.13083510675542706,-0.22342565426676606,0.9590883383253404,-0.0013950203585351706,-0.0003018288636115196
Volume Cylinder,1,batch,14,0.9590998805380979,0.24279788648223544,-0.22342566220010518,0.6637546205482728,0.01227093974905832,0.009864221014635882,0.1343446326702649,-0.22342566220010518,0.9590998805380979,0.0,0.0
Volume Cylinder,1,CM a=.75 b=50 x1,1,0.9592897499379606,0.24251136586206237,-0.22592714043787454,0.5460137090490992,0.02186107141172313,0.01325099471331408,0.1329585087786794,-0.22342566220010518,0.9590998805380979,-0.002501478237769361,0.00018986939986265217
Volume Cylinder,1,CM a=.75 b=50 x1 +PR,1,0.9592712823975484,0.2425699269533597,-0.2244736598049197,0.4456368009537263,0.019622161344265896,0.00953748478377633,0.12484229887828668,-0.22342566220010518,0.9590998805380979,-0.0010479976048145268,0.00017140185945052622
Volume Cylinder,1,CM a=.75 b=50 x3,3,0.9591195022997858,0.24268675326178732,-0.2242683746447257,0.6398138380999023,0.015135256120819075,0.011169702178852336,0.1351862716010705,-0.22342566220010518,0.9590998805380979,-0.0008427124446205303,1.9621761687904637e-05
Volume Cylinder,1,CM a=.75 b=50 x3 +PR,3,0.9592499293039467,0.24241272655615181,-0.22381505560254697,0.6051967192590996,0.016019590664100844,0.009875948771464816,0.13288021596244326,-0.22342566220010518,0.9590998805380979,-0.00038939340244179,0.000150048765848787
Volume Cylinder,1,CM a=.75 b=10 x1,1,0.9587865094617287,0.24205940229747866,-0.22457197733095643,0.601272215062744,0.018213041280731194,0.015504779097012597,0.1311494979303327,-0.22342566220010518,0.9590998805380979,-0.0011463151308512554,-0.0003133710763691955
Volume Cylinder,2,batch,12,0.9560475423743485,0.2503099839874674,-0.24438472656737825,0.5021978020027964,0.012769169257330347,0.1111356173666018,0.07460504459229937,-0.24438472656737825,0.9560475423743485,0.0,0.0
Volume Cylinder,2,CM a=.75 b=50 x1,1,0.958829215648932,0.24261981871524554,-0.22648843053595014,0.5625103724025756,0.018420924372446034,0.02089467373218691,0.13196774264064534,-0.24438472656737825,0.9560475423743485,0.017896296031428116,0.0027816732745834516
Volume Cylinder,2,CM a=.75 b=50 x1 +PR,1,0.9589861897424354,0.24242345411836264,-0.22455432268114678,0.4700246682822889,0.016274490318929764,0.016945909808373502,0.12417082492569487,-0.24438472656737825,0.9560475423743485,0.019830403886231474,0.0029386473680869107
Volume Cylinder,2,CM a=.75 b=50 x3,3,0.9590825672189615,0.24266212948665308,-0.22429920102515755,0.6436753685616153,0.014370804803742128,0.012736751674100058,0.1348621231047639,-0.24438472656737825,0.9560475423743485,0.020085525542220706,0.0030350248446129324
Volume Cylinder,2,CM a=.75 b=50 x3 +PR,3,0.9591044974232009,0.2423400897967713,-0.2238197876177635,0.6117173521853151,0.014867485100106766,0.012213492947674992,0.13249868711626991,-0.24438472656737825,0.9560475423743485,0.020564938949614753,0.0030569550488523944
Volume Cylinder,2,CM a=.75 b=10 x1,1,0.9588067083340547,0.24217097006663696,-0.2249330463497957,0.6014370305433943,0.017124992908453422,0.018408397916942428,0.13078624561133775,-0.24438472656737825,0.9560475423743485,0.019451680217582562,0.0027591659597061557
Multiplication and Division Integers,0,batch,123,0.6911511860901041,0.3797747191342449,-0.45646406381273497,0.33994973780960464,2.5387225512101406e-08,0.9107519426662228,0.33178791621477144,-0.45646406381273497,0.6911511860901041,0.0,0.0
Multiplication and Division Integers,0,CM a=.75 b=50 x1,1,0.6436623359834529,0.3918450729468446,-0.48618157560408454,0.6863268702865276,0.12065701590542204,0.12400726650332591,0.23098896416602233,-0.45646406381273497,0.6911511860901041,-0.02971751179134957,-0.04748885010665116
Multiplication and Division Integers,0,CM a=.75 b=50 x1 +PR,1,0.6432098765432099,0.3824420350066231,-0.4669415267520218,0.6708468127111803,0.3335085206695157,0.31449558060708865,0.18008849369186403,-0.45646406381273497,0.6911511860901041,-0.010477462939286808,-0.04794130954689413
Multiplication and Division Integers,0,CM a=.75 b=50 x3,3,0.6489496477280073,0.37698923193695316,-0.45887550607699934,0.8223293900551333,0.13576487503152937,0.14290707954547677,0.20006719412844684,-0.45646406381273497,0.6911511860901041,-0.002411442264264374,-0.042201538362096724
Multiplication and Division Integers,0,CM a=.75 b=50 x3 +PR,3,0.6489496477280073,0.3767580023501578,-0.45839233161451837,0.8235125925983111,0.13694723141173032,0.14293625701028115,0.19892230947935133,-0.45646406381273497,0.6911511860901041,-0.001928267801783401,-0.042201538362096724
Multiplication and Division Integers,0,CM a=.75 b=10 x1,1,0.6354178786115958,0.3954143561260115,-0.49315450914496484,0.7171814327847872,0.12140686812612413,0.07512432318302803,0.24984179618480276,-0.45646406381273497,0.6911511860901041,-0.03669044533222987,-0.05573330747850824
Multiplication and Division Integers,1,batch,122,0.6911511860901041,0.3797747191342449,-0.45646406381273497,0.33994973780960464,2.5387225512101406e-08,0.9107519426662228,0.33178791621477144,-0.45646406381273497,0.6911511860901041,0.0,0.0
Multiplication and Division Integers,1,CM a=.75 b=50 x1,1,0.6414291254605391,0.37799745652617195,-0.4593315060031663,0.7691726487716739,0.29239894002270606,0.13588454571932218,0.18257829006042317,-0.45646406381273497,0.6911511860901041,-0.002867442190431335,-0.04972206062956497
Multiplication and Division Integers,1,CM a=.75 b=50 x1 +PR,1,0.6371469200439532,0.37783591536491956,-0.45779172778557936,0.7898462390518161,0.38838615248317915,0.1572971111680174,0.16793767606701052,-0.45646406381273497,0.6911511860901041,-0.001327663972844395,-0.05400426604615083
Multiplication and Division Integers,1,CM a=.75 b=50 x3,3,0.6414291254605391,0.37799745652617195,-0.4593315060031663,0.7691726487716739,0.29239894002270606,0.13588454571932218,0.18257829006042317,-0.45646406381273497,0.6911511860901041,-0.002867442190431335,-0.04972206062956497
Multiplication and Division Integers,1,CM a=.75 b=50 x3 +PR,3,0.6414291254605391,0.3779974565261719,-0.4593315060031663,0.7691726487716738,0.29239894002270617,0.13588454571932213,0.18257829006042317,-0.45646406381273497,0.6911511860901041,-0.002867442190431335,-0.04972206062956497
Multiplication and Division Integers,1,CM a=.75 b=10 x1,1,0.6355083704996445,0.38523298632245656,-0.47379196107131794,0.7426220230622164,0.1965023015054822,0.0835238417225633,0.21737165809229222,-0.45646406381273497,0.6911511860901041,-0.01732789725858297,-0.05564281559045958
Multiplication and Division Integers,2,batch,122,0.6911511860901041,0.3797747191342449,-0.45646406381273497,0.33994973780960464,2.5387225512101406e-08,0.9107519426662228,0.33178791621477144,-0.45646406381273497,0.6911511860901041,0.0,0.0
Multiplication and Division Integers,2,CM a=.75 b=50 x1,1,0.687347294938918,0.37656259837116846,-0.4546898616148287,0.7248658794493148,0.022992371129815756,0.41182169577942457,0.1459391950257224,-0.45646406381273497,0.6911511860901041,0.0017742021979062494,-0.0038038911511860674
Multiplication and Division Integers,2,CM a=.75 b=50 x1 +PR,1,0.6817852756770733,0.37352495461222784,-0.4482546108268906,0.7308072855354876,0.11749749750610647,0.41383364599084177,0.13049762483334584,-0.45646406381273497,0.6911511860901041,0.008209452985844357,-0.009365910413030809
Multiplication and Division Integers,2,CM a=.75 b=50 x3,3,0.6948839764721091,0.37570398461535726,-0.44948012049101677,0.8023944692274234,0.0052570963603465635,0.4787807736173618,0.07792063187507423,-0.45646406381273497,0.6911511860901041,0.0069839433217182,0.0037327903820050246
Multiplication and Division Integers,2,CM a=.75 b=50 x3 +PR,3,0.6954883330101481,0.3731856608742852,-0.44542218141894085,0.8163107947600388,0.013493746066202426,0.4601880569697051,0.1047719279915555,-0.45646406381273497,0.6911511860901041,0.011041882393794111,0.004337146920044055
Multiplication and Division Integers,2,CM a=.75 b=10 x1,1,0.6578921853790966,0.3802120971322814,-0.46278363945163725,0.6612191185773946,0.12596543695304857,0.2465627101547366,0.1675463736109868,-0.45646406381273497,0.6911511860901041,-0.006319575638902286,-0.033259000711007514
Area Rectangle,0,batch,13,0.9104190281085242,0.14531516403909167,-0.10308598473996847,0.9002173316355607,0.013394218808294387,3.438751829766225e-11,0.02577365842366806,-0.10308598473996847,0.9104190281085242,0.0,0.0
Area Rectangle,0,CM a=.75 b=50 x1,1,0.9203864792071794,0.1474629560077896,-0.10591217457724744,0.8335961969632184,0.028020045266012768,0.03213752832366865,0.026966629997759794,-0.10308598473996847,0.9104190281085242,-0.002826189837278975,0.009967451098655267
Area Rectangle,0,CM a=.75 b=50 x1 +PR,1,0.9203936285265644,0.14786898624508402,-0.10606708856259521,0.7911088195230436,0.027944966268062407,0.03158458801122997,0.026178863945373484,-0.10308598473996847,0.9104190281085242,-0.0029811038226267433,0.009974600418040214
Area Rectangle,0,CM a=.75 b=50 x3,3,0.9067494774497468,0.1456531816535235,-0.10355493296878719,0.9075288364579184,0.01552886487817934,0.006218092212829859,0.026664613125597574,-0.10308598473996847,0.9104190281085242,-0.00046894822881872467,-0.0036695506587773874
Area Rectangle,0,CM a=.75 b=50 x3 +PR,3,0.9092497894200472,0.14579970538376213,-0.10370153355150363,0.8876516870066169,0.017089049513112773,0.009226594065636707,0.026364138885665852,-0.10308598473996847,0.9104190281085242,-0.0006155488115351659,-0.001169238688476959
Area Rectangle,0,CM a=.75 b=10 x1,1,0.9133664975094371,0.14602867450286483,-0.10379357753336509,0.8744780911894222,0.018967566411740574,0.01459198780801947,0.02492892007698611,-0.10308598473996847,0.9104190281085242,-0.0007075927933966192,0.00294746940091295
Area Rectangle,1,batch,12,0.9104131786653911,0.14531516403898168,-0.10308598473932211,0.9002173316056021,0.013394218816852608,2.68934071091349e-11,0.025773658423055686,-0.10308598473932211,0.9104131786653911,0.0,0.0
Area Rectangle,1,CM a=.75 b=50 x1,1,0.909126301176128,0.14577941629097851,-0.10390143371438132,0.8870817459474911,0.021303358910919116,0.010235122923420758,0.026785086614221857,-0.10308598473932211,0.9104131786653911,-0.0008154489750592103,-0.0012868774892630386
Area Rectangle,1,CM a=.75 b=50 x1 +PR,1,0.909221842080634,0.14586303920333454,-0.10387025755491841,0.8567313493473028,0.021294866593063955,0.010144161828876749,0.025984247183690586,-0.10308598473932211,0.9104131786653911,-0.0007842728155963014,-0.001191336584757119
Area Rectangle,1,CM a=.75 b=50 x3,3,0.9075118548714163,0.14543619045255665,-0.10335024608277416,0.9184422920285429,0.014459325960712305,0.001970791117270029,0.026743023106280253,-0.10308598473932211,0.9104131786653911,-0.0002642613434520463,-0.002901323793974786
Area Rectangle,1,CM a=.75 b=50 x3 +PR,3,0.906843068539875,0.14544131892191647,-0.10332680955098143,0.9049316401370193,0.015369254534524522,0.0029311240544487335,0.02645051242785537,-0.10308598473932211,0.9104131786653911,-0.00024082481165932368,-0.0035701101255161127
Area Rectangle,1,CM a=.75 b=10 x1,1,0.9061528342501795,0.14558473037230954,-0.1032281671554725,0.8951199041345286,0.017636971448958583,0.007119740823221626,0.024808946789564548,-0.10308598473932211,0.9104131786653911,-0.0001421824161503965,-0.004260344415211614
Area Rectangle,2,batch,13,0.9104131786653911,0.14531516403909026,-0.10308598473998115,0.9002173316492639,0.013394218807095353,3.284086503614007e-11,0.025773658424076744,-0.10308598473998115,0.9104131786653911,0.0,0.0
Area Rectangle,2,CM a=.75 b=50 x1,1,0.924997790210372,0.14622244616995644,-0.10419768784414017,0.8451977666664156,0.021124587409332304,0.04357160163913154,0.026262529777603648,-0.10308598473998115,0.9104131786653911,-0.0011117031041590203,0.014584611544980919
Area Rectangle,2,CM a=.75 b=50 x1 +PR,1,0.9250523850129468,0.1462804714071742,-0.10407895068521167,0.8066445497561888,0.021039321711628395,0.04287446591092023,0.025473773471753898,-0.10308598473998115,0.9104131786653911,-0.0009929659452305173,0.014639206347555778
Area Rectangle,2,CM a=.75 b=50 x3,3,0.9076743394028889,0.14585134497706131,-0.10367584206505787,0.9094168021351733,0.014218577768177759,0.008471660536921466,0.026565191503489283,-0.10308598473998115,0.9104131786653911,-0.0005898573250767147,-0.0027388392625021796
Area Rectangle,2,CM a=.75 b=50 x3 +PR,3,0.9117546509572289,0.14606999249972888,-0.10386191571367655,0.8908522341082009,0.015139997165340431,0.01254937778931684,0.026206203871645517,-0.10308598473998115,0.9104131786653911,-0.0007759309736953962,0.0013414722918377864
Area Rectangle,2,CM a=.75 b=10 x1,1,0.9164862005137111,0.14633407151407643,-0.10409421422479569,0.8738939137348757,0.01738681466485406,0.019111321959111995,0.02502550161690102,-0.10308598473998115,0.9104131786653911,-0.0010082294848145351,0.006073021848320037
Addition and Subtraction Fractions,0,batch,37,0.7673497144671413,0.41580082991744993,-0.5260443755265227,0.7410531152853873,0.094737525131729,0.12341201396027,0.19308412206890563,-0.5260443755265227,0.7673497144671413,0.0,0.0
Addition and Subtraction Fractions,0,CM a=.75 b=50 x1,1,0.7676976026109131,0.418560904645267,-0.5318558943170588,0.5981786897751149,0.12657404478940082,0.18656342503484677,0.1734649835006514,-0.5260443755265227,0.7673497144671413,-0.0058115187905360965,0.0003478881437718462
Addition and Subtraction Fractions,0,CM a=.75 b=50 x1 +PR,1,0.7675206194339685,0.4195231923787212,-0.5336453815415552,0.5501643215987939,0.12653312642603248,0.1950574225973554,0.17497611292542217,-0.5260443755265227,0.7673497144671413,-0.007601006015032441,0.00017090496682725664
Addition and Subtraction Fractions,0,CM a=.75 b=50 x3,3,0.7672824966140794,0.41690482547201163,-0.5284412581399918,0.6760758575946988,0.10736192107630442,0.1600016266593614,0.17885785699534956,-0.5260443755265227,0.7673497144671413,-0.0023968826134690424,-6.721785306185168e-05
Addition and Subtraction Fractions,0,CM a=.75 b=50 x3 +PR,3,0.7673954798139067,0.4174172317910483,-0.5295611685107662,0.660787563606,0.11375387650116307,0.17385178609827293,0.17624159084828558,-0.5260443755265227,0.7673497144671413,-0.0035167929842434553,4.5765346765369586e-05
Addition and Subtraction Fractions,0,CM a=.75 b=10 x1,1,0.7671974016724374,0.41854339142746805,-0.531554116670329,0.5840103054133423,0.1124554014842274,0.18279273470646928,0.1735286855499658,-0.5260443755265227,0.7673497144671413,-0.005509741143806313,-0.00015231279470384607
Addition and Subtraction Fractions,1,batch,33,0.7673504295506844,0.4158008825076994,-0.5260445151789548,0.7410483059505147,0.09473868092232018,0.12341491533763037,0.1930830409560938,-0.5260445151789548,0.7673504295506844,0.0,0.0
Addition and Subtraction Fractions,1,CM a=.75 b=50 x1,1,0.7672077703838139,0.41649698935582485,-0.5276828748302558,0.6770967070405416,0.11776486234793834,0.1254390941813415,0.1868161837163544,-0.5260445151789548,0.7673504295506844,-0.0016383596513009913,-0.00014265916687050684
Addition and Subtraction Fractions,1,CM a=.75 b=50 x1 +PR,1,0.7671991893812956,0.4169765012895327,-0.5286483058599095,0.6430537534933461,0.11794236213583308,0.13050545177737882,0.18900224837614446,-0.5260445151789548,0.7673504295506844,-0.0026037906809547318,-0.00015124016938883322
Addition and Subtraction Fractions,1,CM a=.75 b=50 x3,3,0.7672706977356164,0.41600293555177786,-0.5264875381419699,0.7197418792964768,0.10060965132054968,0.12772927636504466,0.18781637930136977,-0.5260445151789548,0.7673504295506844,-0.0004430229630151272,-7.973181506804039e-05
Addition and Subtraction Fractions,1,CM a=.75 b=50 x3 +PR,3,0.7671076586877644,0.4161721625877793,-0.5269788266700576,0.7141648990625389,0.106451845009507,0.1344462961031236,0.18636902467138347,-0.5260445151789548,0.7673504295506844,-0.0009343114911027905,-0.00024277086292001648
Addition and Subtraction Fractions,1,CM a=.75 b=10 x1,1,0.7676228763806476,0.4166352422356685,-0.527749945496476,0.6600550519203131,0.10456375301440246,0.12858294957434233,0.18977939282631992,-0.5260445151789548,0.7673504295506844,-0.0017054303175212393,0.00027244682996319103
Addition and Subtraction Fractions,2,batch,37,0.7673500720089129,0.41580083744917995,-0.5260443955109286,0.7410524285435373,0.09473768757838089,0.1234124329536601,0.19308396708084233,-0.5260443955109286,0.7673500720089129,0.0,0.0
Addition and Subtraction Fractions,2,CM a=.75 b=50 x1,1,0.7678921053346663,0.41929731057576264,-0.5328607657979916,0.6123170932811144,0.09511066326799329,0.22773063330611448,0.1663448408916274,-0.5260443955109286,0.7673500720089129,-0.006816370287062945,0.0005420333257534216
Addition and Subtraction Fractions,2,CM a=.75 b=50 x1 +PR,1,0.7679739824003639,0.42013868028200246,-0.5343827419374924,0.5744346857022192,0.09150569654927425,0.23933745419726477,0.1657902283687758,-0.5260443955109286,0.7673500720089129,-0.008338346426563725,0.0006239103914509325
Addition and Subtraction Fractions,2,CM a=.75 b=50 x3,3,0.7675460048997523,0.41727037436504305,-0.5290448418966996,0.6753730380996107,0.09751269747813472,0.17867825843405308,0.17643686663579733,-0.5260443955109286,0.7673500720089129,-0.003000446385771016,0.000195932890839412
Addition and Subtraction Fractions,2,CM a=.75 b=50 x3 +PR,3,0.7679485969345798,0.4179106826916873,-0.530349671367255,0.6626481777147846,0.09955254748239742,0.19771852434045753,0.1731793958534437,-0.5260443955109286,0.7673500720089129,-0.0043052758563263405,0.0005985249256669212
Addition and Subtraction Fractions,2,CM a=.75 b=10 x1,1,0.7676711445198142,0.4192797554670379,-0.5327586218677571,0.5805508630066866,0.09649117074983343,0.21357759853479377,0.16780770670392758,-0.5260443955109286,0.7673500720089129,-0.006714226356828501,0.00032107251090129907
Area Triangle,0,batch,7,0.827155204186938,0.19475518204377112,-0.16991848512078042,0.8351672370530908,0.015692494653581936,0.07985647155832817,0.021241335625915805,-0.16991848512078042,0.827155204186938,0.0,0.0
Area Triangle,0,CM a=.75 b=50 x1,1,0.8822124244434615,0.18579242822489117,-0.16060205232750874,0.7403229568356229,0.015590041030321111,0.27850739732856766,0.008137011472982082,-0.16991848512078042,0.827155204186938,0.009316432793271684,0.05505722025652349
Area Triangle,0,CM a=.75 b=50 x1 +PR,1,0.8821172109194554,0.18583203396341233,-0.1608376892587615,0.7254185633562654,0.015549149541145212,0.2770540220979679,0.008140627138705057,-0.16991848512078042,0.827155204186938,0.009080795862018931,0.05496200673251739
Area Triangle,0,CM a=.75 b=50 x3,3,0.8826930991694923,0.18486559187619736,-0.1615540451589065,0.777462936552526,0.013283759279719257,0.26766869444471636,0.007361163079440611,-0.16991848512078042,0.827155204186938,0.008364439961873915,0.05553789498255435
Area Triangle,0,CM a=.75 b=50 x3 +PR,3,0.8816534289154258,0.18463068435934973,-0.162424261217447,0.7691718237633751,0.01355702733404746,0.26103609805877875,0.007037840819159357,-0.16991848512078042,0.827155204186938,0.00749422390333343,0.054498224728487754
Area Triangle,0,CM a=.75 b=10 x1,1,0.9454157759595068,0.17333464294347545,-0.1481201818851767,0.7425213791717595,0.011460753095690737,0.4000479533942909,0.00022742530300845582,-0.16991848512078042,0.827155204186938,0.021798303235603722,0.11826057177256877
Area Triangle,1,batch,9,0.7905517470145953,0.20722506340007663,-0.18463822306343816,0.857160921785998,0.01709870575085412,7.7532301371972e-12,0.029027705171508766,-0.18463822306343816,0.7905517470145953,0.0,0.0
Area Triangle,1,CM a=.75 b=50 x1,1,0.8271628826969384,0.19454877298369203,-0.16822840071088663,0.824028186533571,0.017841182032821923,0.09054268356425724,0.02438435920278816,-0.18463822306343816,0.7905517470145953,0.016409822352551534,0.03661113568234309
Area Triangle,1,CM a=.75 b=50 x1 +PR,1,0.8270047053909283,0.19469343197525385,-0.1684247737691685,0.8079425523316186,0.017715299711931476,0.08957070528396606,0.024359533186741427,-0.18463822306343816,0.7905517470145953,0.016213449294269655,0.036452958376333
Area Triangle,1,CM a=.75 b=50 x3,3,0.8271659541009386,0.19469623767752497,-0.16901620211399898,0.8396365073328428,0.01617030376885041,0.08480127602379031,0.02286825180996564,-0.18463822306343816,0.7905517470145953,0.01562202094943918,0.03661420708634333
Area Triangle,1,CM a=.75 b=50 x3 +PR,3,0.8271682576539388,0.19469554297359795,-0.16953018025753655,0.8330814093717478,0.016229121464421677,0.08194034062395077,0.021806545267445916,-0.18463822306343816,0.7905517470145953,0.015108042805901611,0.03661651063934346
Area Triangle,1,CM a=.75 b=10 x1,1,0.7840503525971791,0.20696221166954137,-0.18281592686511003,0.8601833200520049,0.02023341954997049,0.003145524842658546,0.03396762622085506,-0.18463822306343816,0.7905517470145953,0.0018222961983281327,-0.006501394417416151
Area Triangle,2,batch,7,0.8271505970809376,0.19475517580908774,-0.16991847603027302,0.8351668085555785,0.015692497801270678,0.07985652197560292,0.021241331449557775,-0.16991847603027302,0.8271505970809376,0.0,0.0
Area Triangle,2,CM a=.75 b=50 x1,1,0.8823352806034696,0.18559148782072163,-0.16048588851714163,0.7481583223932007,0.01353723907866842,0.2775527235623142,0.007974346301086267,-0.16991847603027302,0.8271505970809376,0.00943258751313139,0.05518468352253192
Area Triangle,2,CM a=.75 b=50 x1 +PR,1,0.8822170315494618,0.18561814614071925,-0.16070236076051841,0.73463186551132,0.013501487432118937,0.27618288971134486,0.007976354238151337,-0.16991847603027302,0.8271505970809376,0.009216115269754604,0.05506643446852422
Area Triangle,2,CM a=.75 b=50 x3,3,0.8826884920634921,0.18483827290296537,-0.16155658509918508,0.7794437341292453,0.012944298417883204,0.26744573880092987,0.007337419328511621,-0.16991847603027302,0.8271505970809376,0.00836189093108794,0.05553789498255446
Area Triangle,2,CM a=.75 b=50 x3 +PR,3,0.8816856786574279,0.18457463647216557,-0.16242298206608966,0.7720876592191152,0.013028836100200131,0.2607262992257525,0.007000772401642578,-0.16991847603027302,0.8271505970809376,0.007495493964183364,0.05453508157649023
Area Triangle,2,CM a=.75 b=10 x1,1,0.9483673952036955,0.17146949979338474,-0.14866784873957417,0.7440522818942108,0.010754714533528833,0.40003638148370446,0.00012795190747635584,-0.16991847603027302,0.8271505970809376,0.021250627290698848,0.12121679812275787
Proportion,0,batch,70,0.6621664694791548,0.45904045632237017,-0.6115053749973234,0.4713291551418816,0.038024190236363276,0.39456176566804513,0.1484619356031419,-0.6115053749973234,0.6621664694791548,0.0,0.0
Proportion,0,CM a=.75 b=50 x1,1,0.6574029054094207,0.4575349864128608,-0.6084002686313709,0.5630484619262793,0.07603515164641561,0.2971519218238815,0.1999950764187537,-0.6115053749973234,0.6621664694791548,0.0031051063659525147,-0.004763564069734105
Proportion,0,CM a=.75 b=50 x1 +PR,1,0.6557727319384343,0.4575388462797125,-0.6081704598428412,0.5264079544647424,0.0683555695944187,0.2946614407676729,0.21511347607016354,-0.6115053749973234,0.6621664694791548,0.003334915154482143,-0.006393737540720479
Proportion,0,CM a=.75 b=50 x3,3,0.6594139479100823,0.45776316249170523,-0.6087019513992213,0.5667267106667281,0.05519145824099404,0.325327328133517,0.1902746761567291,-0.6115053749973234,0.6621664694791548,0.0028034235981020394,-0.0027525215690724636
Proportion,0,CM a=.75 b=50 x3 +PR,3,0.658226771040988,0.4576054369213492,-0.6083089589302233,0.5569480988419243,0.0549187654806761,0.3205968251498946,0.19736431435381885,-0.6115053749973234,0.6621664694791548,0.003196416067100083,-0.003939698438166772
Proportion,0,CM a=.75 b=10 x1,1,0.658338870790857,0.4578875315763397,-0.6093028967337842,0.607103947202122,0.07333669940952707,0.2941147013657039,0.19108738400659395,-0.6115053749973234,0.6621664694791548,0.0022024782635391427,-0.0038275986882978508
Proportion,1,batch,73,0.6621664694791548,0.45904046459659253,-0.6115053957101587,0.47132842278662435,0.03802415779469187,0.3945621431188216,0.14846162542811062,-0.6115053957101587,0.6621664694791548,0.0,0.0
Proportion,1,CM a=.75 b=50 x1,1,0.6525988233578062,0.4575783230078659,-0.6084007973174168,0.6490224369994133,0.08915332257099448,0.2248191860836398,0.22948951458546052,-0.6115053957101587,0.6621664694791548,0.0031045983927419085,-0.009567646121348639
Proportion,1,CM a=.75 b=50 x1 +PR,1,0.651664208575766,0.45768432972659456,-0.6085577728328865,0.625161220523775,0.08058678111992708,0.2191550046997176,0.2473235096410672,-0.6115053957101587,0.6621664694791548,0.002947622877272238,-0.010502260903388794
Proportion,1,CM a=.75 b=50 x3,3,0.6572975586565318,0.45725585138555525,-0.6076110479520018,0.629293824053674,0.06242027649259681,0.2760537602079387,0.21518601934944337,-0.6115053957101587,0.6621664694791548,0.003894347758156891,-0.004868910822622974
Proportion,1,CM a=.75 b=50 x3 +PR,3,0.6551541574150608,0.457166486276793,-0.6074089438669454,0.6263403345867647,0.06279977715954789,0.2668508907793098,0.22477964676960824,-0.6115053957101587,0.6621664694791548,0.004096451843213278,-0.007012312064094028
Proportion,1,CM a=.75 b=10 x1,1,0.6504608245139193,0.4586194139489329,-0.6105806071057474,0.7141763747177419,0.09734156618887989,0.18195555040913267,0.23249262773263726,-0.6115053957101587,0.6621664694791548,0.000924788604411364,-0.011705644965235518
Proportion,2,batch,64,0.6621651188797588,0.4590403988779503,-0.6115052311978463,0.4713342394990414,0.03802441547645789,0.39455914517207513,0.14846408901236313,-0.6115052311978463,0.6621651188797588,0.0,0.0
Proportion,2,CM a=.75 b=50 x1,1,0.6601230125929888,0.4582875257694477,-0.6099405752031749,0.5345570153478755,0.053314629536230736,0.3535851485337086,0.17175759894315562,-0.6115052311978463,0.6621651188797588,0.0015646559946713712,-0.00204210628677004
Proportion,2,CM a=.75 b=50 x1 +PR,1,0.6594058443137064,0.4582729308959053,-0.6095960430788261,0.49948475962192934,0.04592543406582891,0.3523312552997078,0.18129598117490853,-0.6115052311978463,0.6621651188797588,0.0019091881190201887,-0.0027592745660524054
Proportion,2,CM a=.75 b=50 x3,3,0.6607821050982425,0.45845762154715375,-0.610220821019518,0.5238300133612765,0.04563768353791361,0.36645307456234966,0.16686545768981642,-0.6115052311978463,0.6621651188797588,0.0012844101783282547,-0.0013830137815162846
Proportion,2,CM a=.75 b=50 x3 +PR,3,0.6607361847187782,0.4584079131614087,-0.6099939391280643,0.5145230945482577,0.04373124090755306,0.3651718959305485,0.17079224948302396,-0.6115052311978463,0.6621651188797588,0.0015112920697819554,-0.001428934160980666
Proportion,2,CM a=.75 b=10 x1,1,0.6578688622010448,0.45800639056034653,-0.6095338801682272,0.6048962285723404,0.0667194350020635,0.307299970082007,0.1861237646718913,-0.6115052311978463,0.6621651188797588,0.001971351029619095,-0.004296256678714028
