skill,seed,method,seconds,n_train,prior,learn,forget,guess,slip,auc,rmse,ll,passes,state_floats_per_student
Percent Of,0,batch_em,6.0522518220000165,17330,0.059388563202185815,0.011997118780219713,0.0,0.5401344569001006,0.0007283302196637631,0.917939257750235,0.3640180617751029,-0.4236750618828785,36,
Percent Of,0,naive_accum_b50,0.061299254999994446,17330,0.4325416223217438,0.10792192699010505,0.0,0.17081197798114725,0.18443042831930148,0.738069296601845,0.39286344426478825,-0.4857275165630878,1,
Percent Of,0,stepwise_a0.7_b50,0.06544189800001732,17330,0.44792045215575,0.17019512350938393,0.0,0.16529956645901442,0.20725931937327505,0.7323877508572495,0.3955568795649503,-0.4918119952810871,1,
Percent Of,0,stepwise_a0.7_b50_x3,0.17659457200011275,17330,0.4668114377958134,0.15164046498337921,0.0,0.15495495024403216,0.21638314003924658,0.7314316066527227,0.395598126204442,-0.4921695166111826,3,
Percent Of,0,stepwise_a1.0_b50,0.057934215999921435,17330,0.39720576120710643,0.17234071106948842,0.0,0.17414120386561527,0.2248590320381917,0.7311412401153885,0.3977981821023528,-0.49665939427008443,1,
Percent Of,0,incremental_b50_x1,0.05781041299997014,17330,0.4325416223217438,0.10792192699010505,0.0,0.17081197798114725,0.18443042831930148,0.738069296601845,0.39286344426478825,-0.4857275165630878,1,
Percent Of,0,incremental_b50_x3,0.17574773000001187,17330,0.48920220369794537,0.06992018188487502,0.0,0.19668577440270152,0.17556001802131463,0.7445005306782574,0.39288769261785,-0.4851590034715195,3,
Percent Of,0,stream_smoothed_every100,0.2585180420001052,17330,0.43872050689037817,0.11207349733716417,0.0,0.16070014210174835,0.18624896160405843,0.7370803494830585,0.39281165496567344,-0.4856937772797571,1,32.0
Percent Of,0,stream_filter_only_every100,0.10188629999993282,17330,0.3755355755976475,0.22495508499229794,0.0,0.12992588060431148,0.2157294558646033,0.7252158188773725,0.39791201096005546,-0.4965237893771112,1,
Percent Of,1,batch_em,6.514652212999863,17330,0.05938857205239482,0.011997141327995698,0.0,0.540134414559671,0.0007283367129754369,0.9179522169262389,0.36401806965332173,-0.42367506056916926,39,
Percent Of,1,naive_accum_b50,0.06341939700018884,17330,0.5000133999051095,0.11761658741962076,0.0,0.1185180794170408,0.19534704934832975,0.7306148545850859,0.392793261278529,-0.48574804976462876,1,
Percent Of,1,stepwise_a0.7_b50,0.05743986600009521,17330,0.5192267603014198,0.19919103306853234,0.0,0.08788264511281016,0.22921450774879698,0.7257237375818696,0.39744820289949323,-0.4961000164195451,1,
Percent Of,1,stepwise_a0.7_b50_x3,0.17594534800014117,17330,0.5338585927448719,0.17139148489754094,0.0,0.0894390399058129,0.2382446867939881,0.7266193786334291,0.39778676812395836,-0.49690055952966733,3,
Percent Of,1,stepwise_a1.0_b50,0.05736028299997997,17330,0.46748409322464235,0.20305466584706186,0.0,0.09542466401963372,0.2449042677135993,0.725604189183235,0.3997088586713704,-0.5009896768345257,1,
Percent Of,1,incremental_b50_x1,0.055769686000076035,17330,0.5000133999051095,0.11761658741962076,0.0,0.1185180794170408,0.19534704934832975,0.7306148545850859,0.392793261278529,-0.48574804976462876,1,
Percent Of,1,incremental_b50_x3,0.1763535799998408,17330,0.5170598243330979,0.07010137863337118,0.0,0.17941443338028204,0.17954009556257286,0.7404281096190779,0.39268791593095714,-0.4847952321516312,3,
Percent Of,1,stream_smoothed_every100,0.23894908099987333,17330,0.48291538342457696,0.11593867365553528,0.0,0.12814242205153484,0.19135501993019582,0.7318626612445474,0.39264283407608097,-0.4854095625236306,1,32.0
Percent Of,1,stream_filter_only_every100,0.09906994600009966,17330,0.4732953207564873,0.27181851896557785,0.0,0.05487439844883858,0.22685994676527962,0.7246591412731613,0.39905723823419303,-0.49914870268617434,1,
Percent Of,2,batch_em,4.801256973000136,17330,0.05938855821078333,0.01199712037056026,0.0,0.54013445515479,0.0007283303265435115,0.9177439791668285,0.3640180616361106,-0.42367506174141367,29,
Percent Of,2,naive_accum_b50,0.05922161000012238,17330,0.4572112236309808,0.07902547254520895,0.0,0.20383284895591786,0.17848282067108165,0.7446951613028637,0.3930817524384063,-0.4857323276136549,1,
Percent Of,2,stepwise_a0.7_b50,0.059324487999901976,17330,0.46394403754830116,0.13774362067149962,0.0,0.1973465519540028,0.20413051671333887,0.7367854472341231,0.3951617485429775,-0.4908450615569108,1,
Percent Of,2,stepwise_a0.7_b50_x3,0.17627905899985308,17330,0.46953456071434735,0.14007171493564372,0.0,0.1696016976464702,0.2146677904782596,0.73328703667706,0.3954359513210863,-0.49177629382308174,3,
Percent Of,2,stepwise_a1.0_b50,0.057926513999973395,17330,0.43602458665087235,0.11993551888555448,0.0,0.21721342655121426,0.21663997114056782,0.7388587534050235,0.3965402571636408,-0.4938465041798119,1,
Percent Of,2,incremental_b50_x1,0.05708204199981992,17330,0.4572112236309808,0.07902547254520895,0.0,0.20383284895591786,0.17848282067108165,0.7446951613028637,0.3930817524384063,-0.4857323276136549,1,
Percent Of,2,incremental_b50_x3,0.1837440660001448,17330,0.4841442957879261,0.061161260192487736,0.0,0.22729205732451396,0.1686754515300323,0.7546511292625968,0.39207322068596817,-0.4832001850003172,3,
Percent Of,2,stream_smoothed_every100,0.24013207200005127,17330,0.44517383152487994,0.09347810973148708,0.0,0.18682148350151395,0.1817702393343473,0.7403649336360597,0.3929023969238035,-0.48561575842457433,1,32.0
Percent Of,2,stream_filter_only_every100,0.09822048800015182,17330,0.2711830060419418,0.10073402866488144,0.0,0.22114610335668658,0.17837194325057942,0.7467812646600679,0.39459315376057824,-0.4885531371978328,1,
Addition and Subtraction Integers,0,batch_em,22.94660894499998,16523,0.5747297615596575,0.007975163059836622,0.0,0.4296786103986434,0.09825582776817238,0.8557578203350686,0.39741343632686704,-0.48575153009940136,24,
Addition and Subtraction Integers,0,naive_accum_b50,0.15619604700009404,16523,0.6082978954685131,0.023942985375799652,0.0,0.37792763358514175,0.12834646523561047,0.8284303769201502,0.4019171329278129,-0.5005110290534268,1,
Addition and Subtraction Integers,0,stepwise_a0.7_b50,0.15932558600002267,16523,0.701332096665063,0.03188215583402638,0.0,0.33642726450470395,0.14165008637900317,0.8038746957260244,0.40485016755660347,-0.5080969375827162,1,
Addition and Subtraction Integers,0,stepwise_a0.7_b50_x3,0.46875744599992686,16523,0.7386636517762337,0.018805084113579465,0.0,0.3369769907384005,0.14940669341306903,0.8043523331704028,0.404258726848749,-0.5065898128724828,3,
Addition and Subtraction Integers,0,stepwise_a1.0_b50,0.1682189279999875,16523,0.6391793620589911,0.06111073346890864,0.0,0.33640795596842765,0.16541529203883015,0.7843968327537533,0.4105209104648778,-0.5186119503736407,1,
Addition and Subtraction Integers,0,incremental_b50_x1,0.17562572199994975,16523,0.6082978954685131,0.023942985375799652,0.0,0.37792763358514175,0.12834646523561047,0.8284303769201502,0.4019171329278129,-0.5005110290534268,1,
Addition and Subtraction Integers,0,incremental_b50_x3,0.4874660230000245,16523,0.599236305293087,0.009390566121420522,0.0,0.41726429243006613,0.1036157289144963,0.851016185177934,0.39778723435710206,-0.4877838267317085,3,
Addition and Subtraction Integers,0,stream_smoothed_every100,0.2285672179998528,16523,0.563205672614416,0.02388045741829357,0.0,0.3885551785104163,0.119072394420584,0.8364994364022441,0.40067013856167344,-0.4972205010573703,1,32.0
Addition and Subtraction Integers,0,stream_filter_only_every100,0.09853578800016294,16523,0.6106502045249874,0.26550753369813973,0.0,0.3617850444050702,0.27677021094367427,0.6667967447623588,0.45727860101204926,-0.6080330111320521,1,
Addition and Subtraction Integers,1,batch_em,23.668750471000067,16523,0.5747304081009093,0.00797495782494907,0.0,0.42967884362801356,0.09825589359493803,0.8557592076867719,0.3974134426582299,-0.4857515035511194,25,
Addition and Subtraction Integers,1,naive_accum_b50,0.16686927199998536,16523,0.6912320866875459,0.021223151360291237,0.0,0.3518410924224416,0.14554420604337553,0.8098471338201716,0.4042406269535931,-0.5062177654492382,1,
Addition and Subtraction Integers,1,stepwise_a0.7_b50,0.16035809699997117,16523,0.7570408863734296,0.028631779751292757,0.0,0.3047118730793118,0.16014370256419197,0.7852184779264574,0.40605208909276935,-0.5106843943635591,1,
Addition and Subtraction Integers,1,stepwise_a0.7_b50_x3,0.49010954300001686,16523,0.7598584743143559,0.01750779543556213,0.0,0.3258484935256766,0.15650770109960782,0.7951450903510022,0.4047006351995945,-0.507598042316434,3,
Addition and Subtraction Integers,1,stepwise_a1.0_b50,0.17086343699997997,16523,0.7369313711866082,0.06304175263125446,0.0,0.26319947669757104,0.19457191597804208,0.7584976401702468,0.41506636503391975,-0.5279485231357278,1,
Addition and Subtraction Integers,1,incremental_b50_x1,0.176440717000105,16523,0.6912320866875459,0.021223151360291237,0.0,0.3518410924224416,0.14554420604337553,0.8098471338201716,0.4042406269535931,-0.5062177654492382,1,
Addition and Subtraction Integers,1,incremental_b50_x3,0.5142552480001541,16523,0.6203908177356442,0.009006118340893012,0.0,0.4094354263492754,0.1081328572316905,0.8479584065300092,0.39807454292549616,-0.48924720315339315,3,
Addition and Subtraction Integers,1,stream_smoothed_every100,0.24991569100006927,16523,0.6541342158652689,0.01974841127816525,0.0,0.3662976687929245,0.1332891498194498,0.8226743101976343,0.40220486252486715,-0.5015545316306925,1,32.0
Addition and Subtraction Integers,1,stream_filter_only_every100,0.10291876299993419,16523,0.7918392864639159,0.19171644174624972,0.0,0.13544159210067858,0.26166898677546635,0.6588696946006047,0.4455805495310108,-0.5861538089050049,1,
Addition and Subtraction Integers,2,batch_em,21.387838631000022,16523,0.5747298890357739,0.007975470820551408,0.0,0.42967797669773933,0.09825585944765168,0.8557567104537062,0.39741343315190636,-0.48575160961982067,22,
Addition and Subtraction Integers,2,naive_accum_b50,0.1628425999999763,16523,0.6163825887742708,0.017562747685278254,0.0,0.38929460493178775,0.12006864787216592,0.8377809609175256,0.3999942753210974,-0.49567836518471287,1,
Addition and Subtraction Integers,2,stepwise_a0.7_b50,0.1805335029998787,16523,0.7004869253159197,0.023930414108790002,0.0,0.34998068267923477,0.1342475546807988,0.8141417087644668,0.403435769434285,-0.5047485010002456,1,
Addition and Subtraction Integers,2,stepwise_a0.7_b50_x3,0.4950922820000869,16523,0.7358116750332842,0.016780851432530913,0.0,0.3424583679653252,0.1476954940095215,0.8068438503471487,0.40402882792838424,-0.5059924953059178,3,
Addition and Subtraction Integers,2,stepwise_a1.0_b50,0.16247346799991647,16523,0.6527878632428561,0.038774679916765226,0.0,0.35791321696326034,0.14694594464635188,0.8056938467733307,0.4064120703503608,-0.5103612014242118,1,
Addition and Subtraction Integers,2,incremental_b50_x1,0.15587029400012398,16523,0.6163825887742708,0.017562747685278254,0.0,0.38929460493178775,0.12006864787216592,0.8377809609175256,0.3999942753210974,-0.49567836518471287,1,
Addition and Subtraction Integers,2,incremental_b50_x3,0.4890380050001113,16523,0.596633671330745,0.008936629748173516,0.0,0.4198763506733948,0.1025439851721322,0.8520217376924146,0.3977028666079178,-0.48732457231446685,3,
Addition and Subtraction Integers,2,stream_smoothed_every100,0.22995832900005553,16523,0.5029808413420424,0.015838210054227878,0.0,0.4337998680553016,0.08477394208439078,0.8599333605032291,0.3966624667518029,-0.4840476626748821,1,32.0
Addition and Subtraction Integers,2,stream_filter_only_every100,0.09514254800001254,16523,0.5656343623066434,0.08076151537519906,0.0,0.29905387649546344,0.18360430976888453,0.7667962231181185,0.41542136640216293,-0.5283533046551113,1,
Conversion of Fraction Decimals Percents,0,batch_em,8.653599659000065,16896,0.613416332236512,0.0117156486385266,0.0,0.4040980465271175,0.18659132949001278,0.693743401452987,0.4544422768946417,-0.6005604027136741,31,
Conversion of Fraction Decimals Percents,0,naive_accum_b50,0.06946463200006292,16896,0.46217799647149593,0.04013272404783611,0.0,0.38759668120228086,0.18628614973157492,0.6887130873360163,0.4552422325079409,-0.6025648630977436,1,
Conversion of Fraction Decimals Percents,0,stepwise_a0.7_b50,0.06964723399983086,16896,0.5537644888709132,0.033700388646427,0.0,0.3937709778817274,0.18535344963229194,0.6910528929075419,0.4545903573534244,-0.601250155232413,1,
Conversion of Fraction Decimals Percents,0,stepwise_a0.7_b50_x3,0.21225040199988143,16896,0.5942704654023685,0.02069932851987688,0.0,0.40157093960027646,0.18445433584765955,0.6931258819840067,0.45429060016541734,-0.6003890326232939,3,
Conversion of Fraction Decimals Percents,0,stepwise_a1.0_b50,0.0712894129999313,16896,0.481134745056272,0.061789810766061604,0.0,0.37728600143955454,0.1827226253124333,0.6851626770501228,0.4562306105642846,-0.6052018534107805,1,
Conversion of Fraction Decimals Percents,0,incremental_b50_x1,0.07185425700004089,16896,0.46217799647149593,0.04013272404783611,0.0,0.38759668120228086,0.18628614973157492,0.6887130873360163,0.4552422325079409,-0.6025648630977436,1,
Conversion of Fraction Decimals Percents,0,incremental_b50_x3,0.2117954750001445,16896,0.5766545439344077,0.015498012359798011,0.0,0.4068281019625186,0.18036913138562904,0.6939175769612711,0.45434703832061785,-0.6002674774765265,3,
Conversion of Fraction Decimals Percents,0,stream_smoothed_every100,0.23373532300001898,16896,0.5650632407345177,0.07248562006288746,0.0,0.2992867304316945,0.26172831584978573,0.6688110855589819,0.45834431909283874,-0.6101555489471909,1,32.0
Conversion of Fraction Decimals Percents,0,stream_filter_only_every100,0.09784469200008061,16896,0.5069754972473957,0.3336019600210518,0.0,0.34794705331485726,0.34389110104260145,0.5810558981863795,0.47573246659173757,-0.6448696861343555,1,
Conversion of Fraction Decimals Percents,1,batch_em,8.994180476999873,16896,0.6134152464868207,0.01171570098239915,0.0,0.40409827601149817,0.18659109166410362,0.693743401452987,0.4544422742214183,-0.6005603914905193,33,
Conversion of Fraction Decimals Percents,1,naive_accum_b50,0.07771273499997733,16896,0.5322259493504472,0.04274033768808473,0.0,0.3541842205614107,0.2100838678931559,0.6837934458788482,0.45557317707411266,-0.6039430534705246,1,
Conversion of Fraction Decimals Percents,1,stepwise_a0.7_b50,0.08007988800000021,16896,0.6048693275788978,0.034524882334913104,0.0,0.3688428375818319,0.2012723902649897,0.6881194794334395,0.45490739773911215,-0.6023715109746709,1,
Conversion of Fraction Decimals Percents,1,stepwise_a0.7_b50_x3,0.22845363000010366,16896,0.6214260564677323,0.019889857702941993,0.0,0.3923635352470612,0.19114171781284273,0.6925849317932369,0.45438214084971895,-0.6007580774903223,3,
Conversion of Fraction Decimals Percents,1,stepwise_a1.0_b50,0.10652684999990925,16896,0.5505503381179798,0.06912999661701327,0.0,0.33677406722582093,0.20535150341001263,0.6804190404014007,0.4567232029318708,-0.6068273836959126,1,
Conversion of Fraction Decimals Percents,1,incremental_b50_x1,0.10596408799983692,16896,0.5322259493504472,0.04274033768808473,0.0,0.3541842205614107,0.2100838678931559,0.6837934458788482,0.45557317707411266,-0.6039430534705246,1,
Conversion of Fraction Decimals Percents,1,incremental_b50_x3,0.29955997100000786,16896,0.6099036802526454,0.014599501710394012,0.0,0.3979658184487845,0.188163494901797,0.6932296294360529,0.4543932608868221,-0.6005687923226709,3,
Conversion of Fraction Decimals Percents,1,stream_smoothed_every100,0.31469351700002335,16896,0.6517879955543788,0.09776262971778542,0.0,0.22820909348863977,0.2904371494278003,0.6541497674175509,0.46104009109587873,-0.615722419893067,1,32.0
Conversion of Fraction Decimals Percents,1,stream_filter_only_every100,0.16570312700014256,16896,0.6636611970871522,0.38982321951485505,0.0,0.19667237628538745,0.3457887434592336,0.5819523859300685,0.474350955161039,-0.6421879458376116,1,
Conversion of Fraction Decimals Percents,2,batch_em,6.058938759000057,16896,0.613422319348833,0.011715615247062501,0.0,0.4040961560537765,0.18659279733935183,0.6937428787957979,0.45444228478798904,-0.6005604614002757,22,
Conversion of Fraction Decimals Percents,2,naive_accum_b50,0.07949245800000426,16896,0.486293397228395,0.03138117963584621,0.0,0.3996184649424638,0.17514240291995103,0.691823550932943,0.4546597865549737,-0.6010454825755849,1,
Conversion of Fraction Decimals Percents,2,stepwise_a0.7_b50,0.07275881999999001,16896,0.5613947821427594,0.027314672739900795,0.0,0.4016020218291659,0.18068540728804997,0.6927519207651701,0.4543600415336105,-0.6005564319819101,1,
Conversion of Fraction Decimals Percents,2,stepwise_a0.7_b50_x3,0.2325444210000569,16896,0.5959949367746337,0.019050008523292083,0.0,0.4039940406637819,0.18383778069011725,0.6932168243349187,0.4542790087702167,-0.6003113266173965,3,
Conversion of Fraction Decimals Percents,2,stepwise_a1.0_b50,0.07330210999998599,16896,0.5197311124363582,0.04498844107888152,0.0,0.3900765823580533,0.17304058896719623,0.6899372811373021,0.4551090109186648,-0.6024819686420254,1,
Conversion of Fraction Decimals Percents,2,incremental_b50_x1,0.07264054700021916,16896,0.486293397228395,0.03138117963584621,0.0,0.3996184649424638,0.17514240291995103,0.691823550932943,0.4546597865549737,-0.6010454825755849,1,
Conversion of Fraction Decimals Percents,2,incremental_b50_x3,0.21448346499983018,16896,0.5755230517881235,0.014906072247751541,0.0,0.4087907082119202,0.17943776085594967,0.6941374849736057,0.45435527650560725,-0.6002468312396622,3,
Conversion of Fraction Decimals Percents,2,stream_smoothed_every100,0.2693654660001812,16896,0.5529883149524338,0.03971317084656459,0.0,0.35589026752788955,0.21702177810228135,0.6840384414362619,0.4554184190748305,-0.6036636691588595,1,32.0
Conversion of Fraction Decimals Percents,2,stream_filter_only_every100,0.11809431200003928,16896,0.4206258071291024,0.11521702128759417,0.0,0.31383680412903436,0.2684176665858029,0.6571393665394869,0.4621849045738135,-0.6177190010443081,1,
