method,events,max_abs_err,seconds,prior,learn,forget,guess,slip
stream_smoothed_every100,4807,0.0908424839757192,0.0493978040001366,0.3908,0.1214,0.0,0.1666,0.1527
stream_smoothed_every100,14423,0.07425719852269386,0.18042448699998204,0.3743,0.1404,0.0,0.1648,0.1399
stream_smoothed_every100,48077,0.06013006880624555,0.7820690600001399,0.3601,0.1477,0.0,0.1742,0.1232
stream_smoothed_every100,144233,0.04704979671273024,2.383368543000188,0.347,0.1483,0.0,0.1844,0.1113
stream_smoothed_every100,480777,0.02982987463329656,7.769269010000016,0.3298,0.1492,0.0,0.19,0.1063
stream_smoothed_every1000,4807,0.08081332567120447,0.05131271100003687,0.3808,0.2187,0.0,0.1453,0.165
stream_smoothed_every1000,14423,0.06393700422778198,0.18099401400013448,0.3639,0.1882,0.0,0.1435,0.153
stream_smoothed_every1000,48077,0.052907789892259305,0.6371731560000171,0.3529,0.1663,0.0,0.1598,0.1319
stream_smoothed_every1000,144233,0.043121827109842914,2.0575021700001344,0.3431,0.1564,0.0,0.1755,0.1158
stream_smoothed_every1000,480777,0.028579853117755627,7.024586223000142,0.3286,0.1527,0.0,0.1849,0.1085
filter_only_every100,4807,0.08351850959734647,0.023719109000012395,0.3835,0.1171,0.0,0.1732,0.1528
filter_only_every100,14423,0.06767829975463363,0.07718762000013157,0.3677,0.1266,0.0,0.1764,0.1378
filter_only_every100,48077,0.06073824682953688,0.2816998840000906,0.3607,0.1346,0.0,0.1847,0.121
filter_only_every100,144233,0.05225191270395568,0.8863120949999939,0.3523,0.14,0.0,0.1904,0.1098
filter_only_every100,480777,0.03882622331386609,3.055423679000114,0.3388,0.1435,0.0,0.1931,0.1054
batch_em_on_prefix,4807,0.033642077366488166,0.36638913000001594,0.3336,0.1332,0.0,0.1893,0.1038
batch_em_on_prefix,14423,0.01787720100413187,0.3304803890000585,0.3138,0.1552,0.0,0.1821,0.102
batch_em_on_prefix,48077,0.007000771496471769,0.6570821720001732,0.307,0.1535,0.0,0.1932,0.1021
batch_em_on_prefix,144233,0.003803372274363892,2.3284617560000243,0.3038,0.1509,0.0,0.2018,0.0991
batch_em_on_prefix,480777,0.0013054196290566145,8.118943070000114,0.3013,0.151,0.0,0.2006,0.1007
