skill,method,attempts_processed,seconds,prior,learn,forget,guess,slip,auc,rmse,ll,ll_ref,auc_ref,learn_ref,guess_ref,slip_ref,prior_ref,d_learn,d_guess,d_slip,d_prior,d_ll,d_auc
Percent Of,refit_batch_all (warm from half),606550,6.0949027359999945,0.05938858594951184,0.011997179948466939,0.0,0.5401343423156947,0.0007283477567407045,0.9179316442343329,0.3640180829932932,-0.42367505830822333,-0.42367505830822333,0.9179316442343329,0.011997179948466939,0.5401343423156947,0.0007283477567407045,0.05938858594951184,0.0,0.0,0.0,0.0,0.0,0.0
Percent Of,frozen_half,0,0.0,0.4371149621588811,0.10594290071421096,0.0,0.16209429367880834,0.1778592361138467,0.7382009132331331,0.3924848414952,-0.48484986713208567,-0.42367505830822333,0.9179316442343329,0.011997179948466939,0.5401343423156947,0.0007283477567407045,0.05938858594951184,0.09394572076574402,0.37804004863688634,0.177130888357106,0.3777263762093693,-0.06117480882386234,-0.17973073100119985
Percent Of,periodic_refit_1iter,17330,0.1654217889999927,0.46009062663771305,0.08727484798538428,0.0,0.175892228902282,0.1772407737508729,0.7399710556803956,0.39254515579393473,-0.4847527817003,-0.42367505830822333,0.9179316442343329,0.011997179948466939,0.5401343423156947,0.0007283477567407045,0.05938858594951184,0.07527766803691734,0.36424211341341267,0.1765124259941322,0.4007020406882012,-0.06107772339207668,-0.17796058855393737
Percent Of,periodic_refit_3iter,51990,0.5169213489998583,0.48604542628605557,0.0726924711972068,0.0,0.19173443506401044,0.17620756164831053,0.7431572310906184,0.3927950525361974,-0.48502981174084114,-0.42367505830822333,0.9179316442343329,0.011997179948466939,0.5401343423156947,0.0007283477567407045,0.05938858594951184,0.06069529124873986,0.34839990725168424,0.1754792138915698,0.4266568403365437,-0.061354753432617815,-0.17477441314371456
Percent Of,periodic_refit_10iter,173300,1.7475937980000253,0.40633574472147527,0.03257567277188132,0.0,0.36879995214286526,0.11097126762634096,0.8225900954313721,0.3788246626276269,-0.45428416207387085,-0.42367505830822333,0.9179316442343329,0.011997179948466939,0.5401343423156947,0.0007283477567407045,0.05938858594951184,0.020578492823414382,0.17133439017282942,0.11024291986960026,0.3469471587719634,-0.030609103765647516,-0.09534154880296086
Percent Of,stream_smoothed_every100,8665,0.1248465319999923,0.46119892394747924,0.08593752749010347,0.0,0.17766208220498644,0.17693376473930084,0.7403517314755059,0.39256261978003576,-0.4847667608930948,-0.42367505830822333,0.9179316442343329,0.011997179948466939,0.5401343423156947,0.0007283477567407045,0.05938858594951184,0.07394034754163653,0.3624722601107082,0.17620541698256012,0.4018103379979674,-0.061091702584871455,-0.177579912758827
Percent Of,stream_smoothed_every1000,8665,0.1311315289999584,0.46116228474327675,0.08608871417761207,0.0,0.17734780819472,0.17698935625962617,0.74050432577295,0.39255927593266127,-0.48476265914444705,-0.42367505830822333,0.9179316442343329,0.011997179948466939,0.5401343423156947,0.0007283477567407045,0.05938858594951184,0.07409153422914513,0.36278653412097467,0.17626100850288545,0.4017736987937649,-0.06108760083622372,-0.17742731846138293
Percent Of,stream_smoothed_retained_every100(same as above),8665,0.1664572730001055,0.46117143442544595,0.08591951137524212,0.0,0.17771738152917305,0.17691770831539266,0.7403451708926541,0.392563102203848,-0.4847673019914825,-0.42367505830822333,0.9179316442343329,0.011997179948466939,0.5401343423156947,0.0007283477567407045,0.05938858594951184,0.07392233142677518,0.36241696078652164,0.17618936055865195,0.4017828484759341,-0.06109224368325916,-0.17758647334167887
Percent Of,filter_only_every100,8665,0.054076828999995996,0.4068606289814494,0.09535664486832847,0.0,0.14011873569109462,0.18456494385029923,0.7354410947134339,0.39264156307561543,-0.4850549704246806,-0.42367505830822333,0.9179316442343329,0.011997179948466939,0.5401343423156947,0.0007283477567407045,0.05938858594951184,0.08335946491986153,0.40001560662460006,0.1838365960935585,0.34747204303193757,-0.06137991211645727,-0.18249054952089905
Addition and Subtraction Integers,refit_batch_all (warm from half),380029,21.5292071209999,0.574728388040495,0.007974779952019903,0.0,0.429679713707036,0.09825564394851756,0.8557570989121832,0.3974134332861698,-0.48575138714270844,-0.48575138714270844,0.8557570989121832,0.007974779952019903,0.429679713707036,0.09825564394851756,0.574728388040495,0.0,0.0,0.0,0.0,0.0,0.0
Addition and Subtraction Integers,frozen_half,0,0.0,0.6967470565948153,0.008669617433630063,0.0,0.36178057734527963,0.19525274350259528,0.7949610165270213,0.408140612631571,-0.5139226704530091,-0.48575138714270844,0.8557570989121832,0.007974779952019903,0.429679713707036,0.09825564394851756,0.574728388040495,0.00069483748161016,0.06789913636175637,0.09699709955407772,0.12201866855432031,-0.028171283310300665,-0.060796082385161876
Addition and Subtraction Integers,periodic_refit_1iter,16523,0.8551181899999847,0.702950754220247,0.0075162539480202704,0.0,0.3789209068350783,0.1324276807791302,0.8316486999071695,0.40090349990963964,-0.4979256512128993,-0.48575138714270844,0.8557570989121832,0.007974779952019903,0.429679713707036,0.09825564394851756,0.574728388040495,0.000458526003999633,0.05075880687195772,0.03417203683061264,0.12822236617975202,-0.012174264070190843,-0.024108399005013714
Addition and Subtraction Integers,periodic_refit_3iter,49569,2.7606539050000265,0.6422714083592498,0.00766171399876977,0.0,0.4065928961059841,0.11076079227959254,0.8470721107679359,0.3982430264415443,-0.48992806303483055,-0.48575138714270844,0.8557570989121832,0.007974779952019903,0.429679713707036,0.09825564394851756,0.574728388040495,0.00031306595325013373,0.023086817601051912,0.01250514833107498,0.06754302031875481,-0.004176675892122117,-0.008684988144247341
Addition and Subtraction Integers,periodic_refit_10iter,165230,9.106378971999902,0.5784626110339698,0.007925354214295266,0.0,0.4288082862249719,0.09869968535718261,0.85566736500402,0.39743661675516107,-0.4858764705408297,-0.48575138714270844,0.8557570989121832,0.007974779952019903,0.429679713707036,0.09825564394851756,0.574728388040495,4.94257377246371e-05,0.000871427482064091,0.00044404140866505237,0.0037342229934748117,-0.000125083398121284,-8.973390816324756e-05
Addition and Subtraction Integers,stream_smoothed_every100,8262,0.1321667790000447,0.6889198759204556,0.007332104340139054,0.0,0.3786153702343465,0.13376978390383937,0.8311313842040795,0.401007103296501,-0.49813701261385424,-0.48575138714270844,0.8557570989121832,0.007974779952019903,0.429679713707036,0.09825564394851756,0.574728388040495,0.0006426756118808495,0.05106434347268951,0.03551413995532181,0.11419148787996058,-0.0123856254711458,-0.024625714708103708
Addition and Subtraction Integers,stream_smoothed_every1000,8262,0.15568990199994914,0.6888842391569732,0.007333663151477757,0.0,0.3786233869015192,0.13215422204574354,0.8317909312037818,0.40079426996517514,-0.49768121616944694,-0.48575138714270844,0.8557570989121832,0.007974779952019903,0.429679713707036,0.09825564394851756,0.574728388040495,0.0006411168005421462,0.051056326805516805,0.033898578097225976,0.11415585111647819,-0.011929829026738503,-0.02396616770840143
Addition and Subtraction Integers,stream_smoothed_retained_every100(same as above),8262,0.1386639939998986,0.6888955092292666,0.007331860134958291,0.0,0.37861829399332286,0.13279814698289635,0.8315849927169585,0.4008782411113894,-0.497862587746795,-0.48575138714270844,0.8557570989121832,0.007974779952019903,0.429679713707036,0.09825564394851756,0.574728388040495,0.0006429198170616124,0.05106141971371314,0.034542503034378794,0.11416712118877159,-0.012111200604086547,-0.024172106195224696
Addition and Subtraction Integers,filter_only_every100,8262,0.064751914999988,0.7019536725306622,0.007849364470124456,0.0,0.3167920934074933,0.1643277079506268,0.7904126672091767,0.4046617656916553,-0.5071794779681259,-0.48575138714270844,0.8557570989121832,0.007974779952019903,0.429679713707036,0.09825564394851756,0.574728388040495,0.0001254154818954474,0.11288762029954269,0.06607206400210923,0.12722528449016723,-0.021428090825417467,-0.06534443170300652
Conversion of Fraction Decimals Percents,refit_batch_all (warm from half),405504,6.568439152999872,0.613416688547089,0.011715624788582828,0.0,0.4040979875562975,0.1865914034485155,0.693743401452987,0.454442277950961,-0.6005604064805534,-0.6005604064805534,0.693743401452987,0.011715624788582828,0.4040979875562975,0.1865914034485155,0.613416688547089,0.0,0.0,0.0,0.0,0.0,0.0
Conversion of Fraction Decimals Percents,frozen_half,0,0.0,0.6308581362024402,0.012626489761973272,0.0,0.44095348487133923,0.22962838569528218,0.6927482621648461,0.45539498295281894,-0.6031421432092863,-0.6005604064805534,0.693743401452987,0.011715624788582828,0.4040979875562975,0.1865914034485155,0.613416688547089,0.0009108649733904437,0.03685549731504173,0.04303698224676669,0.017441447655351272,-0.002581736728732853,-0.0009951392881408783
Conversion of Fraction Decimals Percents,periodic_refit_1iter,16896,0.24955968800009032,0.6339442222018373,0.010516059718481187,0.0,0.4044983429857669,0.19697509661488968,0.6934859927873308,0.4544592986628212,-0.6007696652244489,-0.6005604064805534,0.693743401452987,0.011715624788582828,0.4040979875562975,0.1865914034485155,0.613416688547089,0.0011995650701016412,0.0004003554294694234,0.010383693166374192,0.020527533654748353,-0.0002092587438954352,-0.00025740866565615583
Conversion of Fraction Decimals Percents,periodic_refit_3iter,50688,0.9314890269999978,0.6266045919501586,0.010962057296780296,0.0,0.40163687049918134,0.1895193751277319,0.6934718810432238,0.45448174744488995,-0.6007076949778463,-0.6005604064805534,0.693743401452987,0.011715624788582828,0.4040979875562975,0.1865914034485155,0.613416688547089,0.0007535674918025329,0.002461117057116158,0.0029279716792164068,0.013187903403069634,-0.00014728849729284121,-0.0002715204097631929
Conversion of Fraction Decimals Percents,periodic_refit_10iter,168960,2.9468568610000148,0.6148030714595912,0.011643501738875942,0.0,0.4038182054018464,0.1868918552202793,0.693673365389641,0.45444588335112646,-0.600574908527254,-0.6005604064805534,0.693743401452987,0.011715624788582828,0.4040979875562975,0.1865914034485155,0.613416688547089,7.21230497068865e-05,0.00027978215445112475,0.0003004517717637989,0.0013863829125022598,-1.4502046700615168e-05,-7.003606334599066e-05
Conversion of Fraction Decimals Percents,stream_smoothed_every100,8448,0.11340941100002055,0.6309445759180649,0.010643130149055135,0.0,0.40409556932001395,0.19506257513408923,0.6934854701301417,0.4544559944769226,-0.6007306458663721,-0.6005604064805534,0.693743401452987,0.011715624788582828,0.4040979875562975,0.1865914034485155,0.613416688547089,0.0010724946395276932,2.418236283552311e-06,0.008471171685573736,0.01752788737097588,-0.00017023938581872677,-0.00025793132284523956
Conversion of Fraction Decimals Percents,stream_smoothed_every1000,8448,0.11137792899990018,0.6314465060175012,0.010632374055586643,0.0,0.404107141142843,0.1952649765639972,0.6934716197146292,0.4544563031734821,-0.6007352297203893,-0.6005604064805534,0.693743401452987,0.011715624788582828,0.4040979875562975,0.1865914034485155,0.613416688547089,0.0010832507329961855,9.153586545518344e-06,0.008673573115481698,0.018029817470412213,-0.000174823239835864,-0.0002717817383577348
Conversion of Fraction Decimals Percents,stream_smoothed_retained_every100(same as above),8448,0.11281042799987517,0.630966782689587,0.010644009734367557,0.0,0.4040889606549374,0.19506148391365757,0.6934862541159253,0.45445600672364167,-0.6007307445603749,-0.6005604064805534,0.693743401452987,0.011715624788582828,0.4040979875562975,0.1865914034485155,0.613416688547089,0.0010716150542152709,9.026901360120743e-06,0.008470080465142082,0.017550094142497974,-0.00017033807982147486,-0.00025714733706161397
Conversion of Fraction Decimals Percents,filter_only_every100,8448,0.050850810999918394,0.6143302885855152,0.011428659553720688,0.0,0.37550580712309745,0.2161054804642357,0.6903078450844091,0.45494376836431344,-0.6021668267703066,-0.6005604064805534,0.693743401452987,0.011715624788582828,0.4040979875562975,0.1865914034485155,0.613416688547089,0.0002869652348621403,0.028592180433200054,0.029514077015720203,0.0009136000384262211,-0.0016064202897532187,-0.003435556368577841
Volume Rectangular Prism,refit_batch_all (warm from half),180180,0.7865640400000302,0.6897449615717897,0.002887833514736784,0.0,0.562812066179751,0.004711673248275628,0.9331546025113397,0.22331582699873717,-0.18150449478489616,-0.18150449478489616,0.9331546025113397,0.002887833514736784,0.562812066179751,0.004711673248275628,0.6897449615717897,0.0,0.0,0.0,0.0,0.0,0.0
Volume Rectangular Prism,frozen_half,0,0.0,0.7771371257574252,0.03869451574229842,0.0,0.2601898509165267,0.00020607055741335832,0.9074545150726624,0.18314925259852868,-0.2121568394441869,-0.18150449478489616,0.9331546025113397,0.002887833514736784,0.562812066179751,0.004711673248275628,0.6897449615717897,0.03580668222756164,0.3026222152632243,0.004505602690862269,0.08739216418563556,-0.03065234465929073,-0.025700087438677355
Volume Rectangular Prism,periodic_refit_1iter,15015,0.05997242100011135,0.745383945130432,0.007226996832447618,0.0,0.543027895729544,0.006173055514804197,0.9245271270088826,0.22065359901095508,-0.17965654074088325,-0.18150449478489616,0.9331546025113397,0.002887833514736784,0.562812066179751,0.004711673248275628,0.6897449615717897,0.004339163317710834,0.019784170450206973,0.001461382266528569,0.055638983558642385,0.0018479540440129172,-0.008627475502457127
Volume Rectangular Prism,periodic_refit_3iter,45045,0.2161759069999789,0.7063325669249391,0.00289914644357382,0.0,0.5617256631149775,0.004877279815791063,0.9323401196396517,0.22327171675203014,-0.1814087214422788,-0.18150449478489616,0.9331546025113397,0.002887833514736784,0.562812066179751,0.004711673248275628,0.6897449615717897,1.1312928837036232e-05,0.001086403064773478,0.00016560656751543525,0.016587605353149404,9.577334261737236e-05,-0.0008144828716880603
Volume Rectangular Prism,periodic_refit_10iter,150150,0.6211090510000759,0.6897738054541638,0.002887830856821562,0.0,0.5628096282673677,0.004711967696902267,0.9331593317667237,0.22331565270109102,-0.1815043047939018,-0.18150449478489616,0.9331546025113397,0.002887833514736784,0.562812066179751,0.004711673248275628,0.6897449615717897,2.6579152216828217e-09,2.4379123833018213e-06,2.9444862663895177e-07,2.8843882374118834e-05,1.8999099435368372e-07,4.729255383972841e-06
Volume Rectangular Prism,stream_smoothed_every100,7508,0.1112237909999294,0.7359746650540857,0.00599138413365923,0.0,0.5450667205032036,0.006366532901653116,0.9250053072754865,0.22111972640217906,-0.17977692870578435,-0.18150449478489616,0.9331546025113397,0.002887833514736784,0.562812066179751,0.004711673248275628,0.6897449615717897,0.0031035506189224463,0.017745345676547397,0.0016548596533774882,0.04622970348229605,0.0017275660791118141,-0.008149295235853282
Volume Rectangular Prism,stream_smoothed_every1000,7508,0.12783432400010497,0.7429571376241141,0.006647834933508787,0.0,0.5275245632386499,0.009726520547803196,0.9157759026572109,0.22024384581690654,-0.17920675383655746,-0.18150449478489616,0.9331546025113397,0.002887833514736784,0.562812066179751,0.004711673248275628,0.6897449615717897,0.003760001418772003,0.03528750294110106,0.005014847299527568,0.05321217605232442,0.0022977409483387057,-0.017378699854128876
Volume Rectangular Prism,stream_smoothed_retained_every100(same as above),7508,0.11122555199995077,0.7358018943541001,0.005991206703968836,0.0,0.545099621732657,0.0063664261778371995,0.9250100365308704,0.22112432341216945,-0.1797783808851452,-0.18150449478489616,0.9331546025113397,0.002887833514736784,0.562812066179751,0.004711673248275628,0.6897449615717897,0.0031033731892320523,0.017712444447093967,0.0016547529295615716,0.04605693278231049,0.0017261138997509695,-0.00814456598046931
Volume Rectangular Prism,filter_only_every100,7508,0.04359317000012197,0.841537116282076,0.008464472330608127,0.0,0.06395946679587476,0.056992185337786695,0.7912194017176655,0.22156718567060224,-0.20212683928370367,-0.18150449478489616,0.9331546025113397,0.002887833514736784,0.562812066179751,0.004711673248275628,0.6897449615717897,0.005576638815871343,0.4988525993838762,0.052280512089511066,0.1517921547102863,-0.02062234449880751,-0.14193520079367428
Venn Diagram,refit_batch_all (warm from half),240091,0.7906879310000932,0.7881499025442198,0.052907841000947885,0.0,0.06953609933034455,0.13787518262063816,0.7350529461457694,0.33354594988486413,-0.3781037181222446,-0.3781037181222446,0.7350529461457694,0.052907841000947885,0.06953609933034455,0.13787518262063816,0.7881499025442198,0.0,0.0,0.0,0.0,0.0,0.0
Venn Diagram,frozen_half,0,0.0,0.6989459438230813,0.10562101275095996,0.0,0.028436223689423782,0.15119928030364224,0.717809376412061,0.33413857904570504,-0.3807941628846012,-0.3781037181222446,0.7350529461457694,0.052907841000947885,0.06953609933034455,0.13787518262063816,0.7881499025442198,0.052713171750012076,0.04109987564092077,0.013324097683004077,0.08920395872113851,-0.0026904447623566363,-0.01724356973370844
Venn Diagram,periodic_refit_1iter,14123,0.048600242000020444,0.7413425264361964,0.07842189858051411,0.0,0.03385965527622654,0.14098045679714355,0.7215174620776369,0.3335895893890155,-0.37864188741763,-0.3781037181222446,0.7350529461457694,0.052907841000947885,0.06953609933034455,0.13787518262063816,0.7881499025442198,0.025514057579566228,0.03567644405411801,0.003105274176505385,0.046807376108023435,-0.0005381692953854156,-0.013535484068132542
Venn Diagram,periodic_refit_3iter,42369,0.14695023399985985,0.7741384008173243,0.058499009822662054,0.0,0.06553943553507591,0.13759570646658664,0.7333644759848681,0.33344494036125094,-0.377924164537991,-0.3781037181222446,0.7350529461457694,0.052907841000947885,0.06953609933034455,0.13787518262063816,0.7881499025442198,0.0055911688217141695,0.00399666379526864,0.00027947615405152226,0.01401150172689547,0.00017955358425358892,-0.0016884701609013453
Venn Diagram,periodic_refit_10iter,141230,0.47536771499994757,0.7877679292601067,0.05301854929352933,0.0,0.06957315932475318,0.13785557820798558,0.7350590582549492,0.3335424897917869,-0.37809644085465866,-0.3781037181222446,0.7350529461457694,0.052907841000947885,0.06953609933034455,0.13787518262063816,0.7881499025442198,0.00011070829258144621,3.7059994408630836e-05,1.9604412652585168e-05,0.0003819732841130463,7.2772675859256175e-06,6.112109179778891e-06
Venn Diagram,stream_smoothed_every100,7062,0.09648365300017758,0.7084509974020804,0.07512741261403418,0.0,0.029992225135653108,0.140244323493661,0.7205345039477676,0.3336779619093414,-0.3788088790613685,-0.3781037181222446,0.7350529461457694,0.052907841000947885,0.06953609933034455,0.13787518262063816,0.7881499025442198,0.02221957161308629,0.039543874194691436,0.0023691408730228403,0.0796989051421394,-0.0007051609391239277,-0.014518442198001802
Venn Diagram,stream_smoothed_every1000,7062,0.09867639499998404,0.7073756665491342,0.06864325820568527,0.0,0.05559401795458242,0.13707492145679973,0.7305622922155741,0.3333434001948102,-0.3778118268540291,-0.3781037181222446,0.7350529461457694,0.052907841000947885,0.06953609933034455,0.13787518262063816,0.7881499025442198,0.01573541720473739,0.013942081375762125,0.0008002611638384394,0.0807742359950856,0.00029189126821549394,-0.004490653930195321
Venn Diagram,stream_smoothed_retained_every100(same as above),7062,0.09803411100006088,0.7084286510172672,0.0737883139496038,0.0,0.03527087973747537,0.13934087919699759,0.720733147496109,0.3335831551332859,-0.3785144749059403,-0.3781037181222446,0.7350529461457694,0.052907841000947885,0.06953609933034455,0.13787518262063816,0.7881499025442198,0.020880472948655922,0.03426521959286918,0.001465696576359421,0.07972125152695264,-0.00041075678369573154,-0.014319798649660487
Venn Diagram,filter_only_every100,7062,0.04105751300016891,0.6437541451397021,0.08470099924464934,0.0,0.021377297708217415,0.14019953543730607,0.7161438266605836,0.33387767410149694,-0.3794118705009896,-0.3781037181222446,0.7350529461457694,0.052907841000947885,0.06953609933034455,0.13787518262063816,0.7881499025442198,0.03179315824370146,0.04815880162212713,0.0023243528166679017,0.1443957574045177,-0.0013081523787450422,-0.01890911948518581
Equation Solving Two or Fewer Steps,refit_batch_all (warm from half),1449792,2.3831587090000994,0.7149195403133234,0.04068540808379189,0.0,0.22419699201691473,0.27055323943151305,0.6812358807411161,0.4548259532490302,-0.6030963312940852,-0.6030963312940852,0.6812358807411161,0.04068540808379189,0.22419699201691473,0.27055323943151305,0.7149195403133234,0.0,0.0,0.0,0.0,0.0,0.0
Equation Solving Two or Fewer Steps,frozen_half,0,0.0,0.5900912431904908,0.033356941373753696,0.0,0.3871932473305106,0.23036579267506027,0.688011120750622,0.45537175237489114,-0.6039038403615766,-0.6030963312940852,0.6812358807411161,0.04068540808379189,0.22419699201691473,0.27055323943151305,0.7149195403133234,0.007328466710038194,0.16299625531359585,0.04018744675645278,0.12482829712283261,-0.0008075090674913854,0.006775240009505912
Equation Solving Two or Fewer Steps,periodic_refit_1iter,13424,0.0208519029999934,0.5671549589738085,0.031350508501939364,0.0,0.3618020488039588,0.2322766901488896,0.6877160658197259,0.45451921774789483,-0.6023445348060181,-0.6030963312940852,0.6812358807411161,0.04068540808379189,0.22419699201691473,0.27055323943151305,0.7149195403133234,0.009334899581852525,0.13760505678704404,0.038276549282623445,0.14776458133951487,0.0007517964880671135,0.0064801850786098125
Equation Solving Two or Fewer Steps,periodic_refit_3iter,40272,0.06498815300005845,0.5809471601175432,0.03325953704565496,0.0,0.34332447612465944,0.23676563448565946,0.6873156443535848,0.4541551578235618,-0.6017091968596343,-0.6030963312940852,0.6812358807411161,0.04068540808379189,0.22419699201691473,0.27055323943151305,0.7149195403133234,0.007425871038136932,0.11912748410774471,0.03378760494585359,0.13397238019578017,0.0013871344344509318,0.006079763612468758
Equation Solving Two or Fewer Steps,periodic_refit_10iter,134240,0.20383090999985143,0.6244352260410955,0.03537685185265697,0.0,0.3117173027179714,0.24719063191775237,0.6862311993746726,0.453902065128754,-0.6012885569988801,-0.6030963312940852,0.6812358807411161,0.04068540808379189,0.22419699201691473,0.27055323943151305,0.7149195403133234,0.005308556231134923,0.08752031070105665,0.02336260751376068,0.09048431427222792,0.0018077742952051779,0.004995318633556511
Equation Solving Two or Fewer Steps,stream_smoothed_every100,6712,0.09014529000000948,0.569267599143811,0.03178658664067943,0.0,0.3563806895074146,0.23352119555903883,0.6875892251264828,0.4543973189675243,-0.6021306078809744,-0.6030963312940852,0.6812358807411161,0.04068540808379189,0.22419699201691473,0.27055323943151305,0.7149195403133234,0.008898821443112458,0.13218369749049985,0.03703204387247422,0.1456519411695124,0.0009657234131108527,0.0063533443853667215
Equation Solving Two or Fewer Steps,stream_smoothed_every1000,6712,0.09484461599981842,0.5687361107342376,0.031719680216333174,0.0,0.35723560370335494,0.23326001225697962,0.6875557254400055,0.45441510637365823,-0.6021614281515384,-0.6030963312940852,0.6812358807411161,0.04068540808379189,0.22419699201691473,0.27055323943151305,0.7149195403133234,0.008965727867458716,0.1330386116864402,0.03729322717453343,0.1461834295790858,0.0009349031425468501,0.006319844698889465
Equation Solving Two or Fewer Steps,stream_smoothed_retained_every100(same as above),6712,0.09059120500000972,0.5692178490939981,0.03178961852679348,0.0,0.3563877874190934,0.2335219376151371,0.6875895114485894,0.45439731332460287,-0.6021305988589765,-0.6030963312940852,0.6812358807411161,0.04068540808379189,0.22419699201691473,0.27055323943151305,0.7149195403133234,0.008895789556998407,0.13219079540217865,0.037031301816375956,0.1457016912193253,0.0009657324351087793,0.006353630707473301
Equation Solving Two or Fewer Steps,filter_only_every100,6712,0.04348403399990275,0.5566714290239486,0.030829237699479255,0.0,0.33764764967069005,0.23919674179195324,0.6873474261074223,0.45406450237634643,-0.6015374805926396,-0.6030963312940852,0.6812358807411161,0.04068540808379189,0.22419699201691473,0.27055323943151305,0.7149195403133234,0.009856170384312635,0.11345065765377532,0.031356497639559805,0.15824811128937477,0.0015588507014456798,0.006111545366306204
Volume Cylinder,refit_batch_all (warm from half),177328,0.5388735640001414,0.6637788423509027,0.012269738336492827,0.0,0.009863615758177248,0.134346222730779,0.9590998805380979,0.24279827794757913,-0.22342584840259808,-0.22342584840259808,0.9590998805380979,0.012269738336492827,0.009863615758177248,0.134346222730779,0.6637788423509027,0.0,0.0,0.0,0.0,0.0,0.0
Volume Cylinder,frozen_half,0,0.0,0.638676837223513,0.012066513847529641,0.0,7.049929634883592e-11,0.09418036691763135,0.9469779601447393,0.2431043049818926,-0.2196558780765396,-0.22342584840259808,0.9590998805380979,0.012269738336492827,0.009863615758177248,0.134346222730779,0.6637788423509027,0.00020322448896318603,0.009863615687677952,0.04016585581314766,0.025102005127389693,0.0037699703260584694,-0.012121920393358576
Volume Cylinder,periodic_refit_1iter,11083,0.031914709999909974,0.6511146445256177,0.01514763094822369,0.0,9.566693088979569e-09,0.1483600502829129,0.9494655955493227,0.2472251511156932,-0.22892352942004693,-0.22342584840259808,0.9590998805380979,0.012269738336492827,0.009863615758177248,0.134346222730779,0.6637788423509027,0.002877892611730862,0.009863606191484159,0.0140138275521339,0.01266419782528494,-0.005497681017448852,-0.009634284988775166
Volume Cylinder,periodic_refit_3iter,33249,0.09935462700013886,0.6910605967422516,0.012958370768221079,0.0,1.1554847155022197e-06,0.150641177761561,0.9544552941244365,0.24750041224053615,-0.22892210221467907,-0.22342584840259808,0.9590998805380979,0.012269738336492827,0.009863615758177248,0.134346222730779,0.6637788423509027,0.0006886324317282519,0.009862460273461745,0.016294955030781988,0.027281754391348945,-0.005496253812080992,-0.004644586413661389
Volume Cylinder,periodic_refit_10iter,110830,0.3985464760000923,0.6649872364609635,0.012212317490216203,0.0,0.009827263829249113,0.1344289680683132,0.9590883383253404,0.24281848003781925,-0.22343574349748593,-0.22342584840259808,0.9590998805380979,0.012269738336492827,0.009863615758177248,0.134346222730779,0.6637788423509027,5.7420846276624166e-05,3.6351928928134505e-05,8.274533753419022e-05,0.0012083941100607953,-9.895094887857336e-06,-1.154221275756484e-05
Volume Cylinder,stream_smoothed_every100,5542,0.0832553210000242,0.638676837223513,0.012066513847529641,0.0,7.049929634883592e-11,0.09418036691763135,0.9469779601447393,0.2431043049818926,-0.2196558780765396,-0.22342584840259808,0.9590998805380979,0.012269738336492827,0.009863615758177248,0.134346222730779,0.6637788423509027,0.00020322448896318603,0.009863615687677952,0.04016585581314766,0.025102005127389693,0.0037699703260584694,-0.012121920393358576
Volume Cylinder,stream_smoothed_every1000,5542,0.08440984699996079,0.638676837223513,0.012066513847529641,0.0,7.049929634883592e-11,0.09418036691763135,0.9469779601447393,0.2431043049818926,-0.2196558780765396,-0.22342584840259808,0.9590998805380979,0.012269738336492827,0.009863615758177248,0.134346222730779,0.6637788423509027,0.00020322448896318603,0.009863615687677952,0.04016585581314766,0.025102005127389693,0.0037699703260584694,-0.012121920393358576
Volume Cylinder,stream_smoothed_retained_every100(same as above),5542,0.07901055399997858,0.638676837223513,0.012066513847529641,0.0,7.049929634883592e-11,0.09418036691763135,0.9469779601447393,0.2431043049818926,-0.2196558780765396,-0.22342584840259808,0.9590998805380979,0.012269738336492827,0.009863615758177248,0.134346222730779,0.6637788423509027,0.00020322448896318603,0.009863615687677952,0.04016585581314766,0.025102005127389693,0.0037699703260584694,-0.012121920393358576
Volume Cylinder,filter_only_every100,5542,0.03214873000001717,0.4796033812287706,0.015171129284029925,0.0,9.01770645866311e-11,0.14243426740392817,0.9469317912937089,0.24777090308838556,-0.23022957419647838,-0.22342584840259808,0.9590998805380979,0.012269738336492827,0.009863615758177248,0.134346222730779,0.6637788423509027,0.0029013909475370976,0.009863615668000184,0.008088044673149164,0.18417546112213207,-0.006803725793880305,-0.012168089244389058
Multiplication and Division Integers,refit_batch_all (warm from half),1410198,112.15845555500005,0.33994973780960464,2.5387225512101406e-08,0.0,0.9107519426662228,0.33178791621477144,0.6911511860901041,0.3797747191342449,-0.45646406381273497,-0.45646406381273497,0.6911511860901041,2.5387225512101406e-08,0.9107519426662228,0.33178791621477144,0.33994973780960464,0.0,0.0,0.0,0.0,0.0,0.0
Multiplication and Division Integers,frozen_half,0,0.0,0.9506429053387258,0.03564454390766695,0.0,0.0030682222930969636,0.1633370124394761,0.6261198371146016,0.37365415094358934,-0.44987448558265947,-0.45646406381273497,0.6911511860901041,2.5387225512101406e-08,0.9107519426662228,0.33178791621477144,0.33994973780960464,0.03564451852044144,0.9076837203731258,0.16845090377529534,0.6106931675291212,0.006589578230075499,-0.06503134897550245
Multiplication and Division Integers,periodic_refit_1iter,11559,1.074971719999894,0.9506429053387258,0.03564454390766695,0.0,0.0030682222930969636,0.1633370124394761,0.6261198371146016,0.37365415094358934,-0.44987448558265947,-0.45646406381273497,0.6911511860901041,2.5387225512101406e-08,0.9107519426662228,0.33178791621477144,0.33994973780960464,0.03564451852044144,0.9076837203731258,0.16845090377529534,0.6106931675291212,0.006589578230075499,-0.06503134897550245
Multiplication and Division Integers,periodic_refit_3iter,34677,2.9945685289999346,0.9506429053387258,0.03564454390766695,0.0,0.0030682222930969636,0.1633370124394761,0.6261198371146016,0.37365415094358934,-0.44987448558265947,-0.45646406381273497,0.6911511860901041,2.5387225512101406e-08,0.9107519426662228,0.33178791621477144,0.33994973780960464,0.03564451852044144,0.9076837203731258,0.16845090377529534,0.6106931675291212,0.006589578230075499,-0.06503134897550245
Multiplication and Division Integers,periodic_refit_10iter,115590,8.757167338999807,0.9506429053387258,0.03564454390766695,0.0,0.0030682222930969636,0.1633370124394761,0.6261198371146016,0.37365415094358934,-0.44987448558265947,-0.45646406381273497,0.6911511860901041,2.5387225512101406e-08,0.9107519426662228,0.33178791621477144,0.33994973780960464,0.03564451852044144,0.9076837203731258,0.16845090377529534,0.6106931675291212,0.006589578230075499,-0.06503134897550245
Multiplication and Division Integers,stream_smoothed_every100,5780,0.09698763899996266,0.9506429053387258,0.03564454390766695,0.0,0.0030682222930969636,0.1633370124394761,0.6261198371146016,0.37365415094358934,-0.44987448558265947,-0.45646406381273497,0.6911511860901041,2.5387225512101406e-08,0.9107519426662228,0.33178791621477144,0.33994973780960464,0.03564451852044144,0.9076837203731258,0.16845090377529534,0.6106931675291212,0.006589578230075499,-0.06503134897550245
Multiplication and Division Integers,stream_smoothed_every1000,5780,0.08368065800004842,0.9506429053387258,0.03564454390766695,0.0,0.0030682222930969636,0.1633370124394761,0.6261198371146016,0.37365415094358934,-0.44987448558265947,-0.45646406381273497,0.6911511860901041,2.5387225512101406e-08,0.9107519426662228,0.33178791621477144,0.33994973780960464,0.03564451852044144,0.9076837203731258,0.16845090377529534,0.6106931675291212,0.006589578230075499,-0.06503134897550245
Multiplication and Division Integers,stream_smoothed_retained_every100(same as above),5780,0.09299928199993701,0.9506429053387258,0.03564454390766695,0.0,0.0030682222930969636,0.1633370124394761,0.6261198371146016,0.37365415094358934,-0.44987448558265947,-0.45646406381273497,0.6911511860901041,2.5387225512101406e-08,0.9107519426662228,0.33178791621477144,0.33994973780960464,0.03564451852044144,0.9076837203731258,0.16845090377529534,0.6106931675291212,0.006589578230075499,-0.06503134897550245
Multiplication and Division Integers,filter_only_every100,5780,0.03489542100010112,0.9367606629804344,0.02707157304289358,0.0,0.0021503471962450137,0.21859595665692577,0.6250274707517292,0.37809166793959487,-0.46059060419395625,-0.45646406381273497,0.6911511860901041,2.5387225512101406e-08,0.9107519426662228,0.33178791621477144,0.33994973780960464,0.027071547655668066,0.9086015954699779,0.11319195955784567,0.5968109251708298,-0.004126540381221289,-0.06612371533837491
Area Rectangle,refit_batch_all (warm from half),119292,0.30968938299997717,0.9002173315715623,0.013394218810410006,0.0,4.799374766660236e-11,0.025773658421595125,0.9104131786653911,0.14531516403916464,-0.10308598474027245,-0.10308598474027245,0.9104131786653911,0.013394218810410006,4.799374766660236e-11,0.025773658421595125,0.9002173315715623,0.0,0.0,0.0,0.0,0.0,0.0
Area Rectangle,frozen_half,0,0.0,0.7755533814987142,0.022966845655358975,0.0,0.009748096600987037,0.0002842728279431526,0.9323732880629765,0.13574097799854065,-0.13188339772901134,-0.10308598474027245,0.9104131786653911,0.013394218810410006,4.799374766660236e-11,0.025773658421595125,0.9002173315715623,0.00957262684494897,0.00974809655299329,0.02548938559365197,0.12466395007284803,-0.02879741298873889,0.021960109397585414
Area Rectangle,periodic_refit_1iter,9941,0.026924113999939436,0.8341672572096381,0.021128469117819005,0.0,0.03133926919379387,0.022258619740315923,0.9222758493391429,0.14685954140829097,-0.10402655765869312,-0.10308598474027245,0.9104131786653911,0.013394218810410006,4.799374766660236e-11,0.025773658421595125,0.9002173315715623,0.007734250307408999,0.031339269145800125,0.0035150386812792013,0.06605007436192412,-0.0009405729184206735,0.011862670673751796
Area Rectangle,periodic_refit_3iter,29823,0.09941595500004041,0.8984470331398157,0.013376571854974964,0.0,0.0005350615306502596,0.0257133102332872,0.9081981895323565,0.1453236100769186,-0.10310370240402565,-0.10308598474027245,0.9104131786653911,0.013394218810410006,4.799374766660236e-11,0.025773658421595125,0.9002173315715623,1.764695543504148e-05,0.000535061482656512,6.034818830792307e-05,0.0017702984317465864,-1.7717663753205604e-05,-0.0022149891330345284
Area Rectangle,periodic_refit_10iter,99410,0.2701269570000022,0.9002173304887381,0.013394218798505657,0.0,3.6558434627929506e-10,0.025773658384263848,0.9104190281085242,0.14531516404130823,-0.10308598475038634,-0.10308598474027245,0.9104131786653911,0.013394218810410006,4.799374766660236e-11,0.025773658421595125,0.9002173315715623,1.1904349034308481e-11,3.175905986126927e-10,3.7331276958596504e-11,1.0828241636673397e-09,-1.0113895831942443e-11,5.849443133087995e-06
Area Rectangle,stream_smoothed_every100,4971,0.08510163599999032,0.7755533814987142,0.022966845655358975,0.0,0.009748096600987037,0.0002842728279431526,0.9323732880629765,0.13574097799854065,-0.13188339772901134,-0.10308598474027245,0.9104131786653911,0.013394218810410006,4.799374766660236e-11,0.025773658421595125,0.9002173315715623,0.00957262684494897,0.00974809655299329,0.02548938559365197,0.12466395007284803,-0.02879741298873889,0.021960109397585414
Area Rectangle,stream_smoothed_every1000,4971,0.07221266100009416,0.7755533814987142,0.022966845655358975,0.0,0.009748096600987037,0.0002842728279431526,0.9323732880629765,0.13574097799854065,-0.13188339772901134,-0.10308598474027245,0.9104131786653911,0.013394218810410006,4.799374766660236e-11,0.025773658421595125,0.9002173315715623,0.00957262684494897,0.00974809655299329,0.02548938559365197,0.12466395007284803,-0.02879741298873889,0.021960109397585414
Area Rectangle,stream_smoothed_retained_every100(same as above),4971,0.07522054800006117,0.7755533814987142,0.022966845655358975,0.0,0.009748096600987037,0.0002842728279431526,0.9323732880629765,0.13574097799854065,-0.13188339772901134,-0.10308598474027245,0.9104131786653911,0.013394218810410006,4.799374766660236e-11,0.025773658421595125,0.9002173315715623,0.00957262684494897,0.00974809655299329,0.02548938559365197,0.12466395007284803,-0.02879741298873889,0.021960109397585414
Area Rectangle,filter_only_every100,4971,0.028210642999965785,0.8643480399211659,0.01690556927323994,0.0,0.007333257223077768,0.02426802043840202,0.9077068363091834,0.14569412440935794,-0.10328522820601779,-0.10308598474027245,0.9104131786653911,0.013394218810410006,4.799374766660236e-11,0.025773658421595125,0.9002173315715623,0.003511350462829934,0.00733325717508402,0.001505637983193104,0.03586929165039632,-0.0001992434657453468,-0.0027063423562077027
Addition and Subtraction Fractions,refit_batch_all (warm from half),265050,0.4715335050000249,0.7410515126519125,0.09473789747928894,0.0,0.12341300397105177,0.19308375878758896,0.7673493569253697,0.41580084755291596,-0.5260444222771089,-0.5260444222771089,0.7673493569253697,0.09473789747928894,0.12341300397105177,0.19308375878758896,0.7410515126519125,0.0,0.0,0.0,0.0,0.0,0.0
Addition and Subtraction Fractions,frozen_half,0,0.0,0.7562656951166347,0.11306492342862948,0.0,0.20401823795802163,0.1842146249557848,0.7676225188388759,0.41843294255371855,-0.5319621328561178,-0.5260444222771089,0.7673493569253697,0.09473789747928894,0.12341300397105177,0.19308375878758896,0.7410515126519125,0.018327025949340534,0.08060523398696985,0.008869133831804155,0.01521418246472217,-0.005917710579008917,0.00027316191350623686
Addition and Subtraction Fractions,periodic_refit_1iter,8835,0.015211320999924283,0.716464940430004,0.09276073901846812,0.0,0.16340104122616314,0.18584632813079122,0.7678002170993636,0.4165646669500704,-0.5277444525946731,-0.5260444222771089,0.7673493569253697,0.09473789747928894,0.12341300397105177,0.19308375878758896,0.7410515126519125,0.0019771584608208187,0.03998803725511137,0.007237430656797744,0.02458657222190852,-0.0017000303175641607,0.00045086017399398326
Addition and Subtraction Fractions,periodic_refit_3iter,26505,0.04599963700002263,0.7218211636717938,0.09515709338748378,0.0,0.14236441079226958,0.18804840247226678,0.7672417368521165,0.4161364299023798,-0.5268085708575433,-0.5260444222771089,0.7673493569253697,0.09473789747928894,0.12341300397105177,0.19308375878758896,0.7410515126519125,0.000419195908194836,0.018951406821217806,0.005035356315322176,0.01923034898011866,-0.0007641485804343873,-0.00010762007325315626
Addition and Subtraction Fractions,periodic_refit_10iter,88350,0.15378118100011307,0.7374847899589941,0.09546696521832815,0.0,0.12578284534596226,0.19225869646894858,0.7673532898848572,0.41584269612400104,-0.5261527270806847,-0.5260444222771089,0.7673493569253697,0.09473789747928894,0.12341300397105177,0.19308375878758896,0.7410515126519125,0.0007290677390392047,0.002369841374910489,0.0008250623186403794,0.003566722692918356,-0.00010830480357582051,3.932959487529253e-06
Addition and Subtraction Fractions,stream_smoothed_every100,4418,0.0634322890000476,0.7174764397273635,0.09319446825189688,0.0,0.15683788502290735,0.1860668789007941,0.7676464741375735,0.41641967849730877,-0.5274158526055363,-0.5260444222771089,0.7673493569253697,0.09473789747928894,0.12341300397105177,0.19308375878758896,0.7410515126519125,0.0015434292273920625,0.03342488105185558,0.007016879886794863,0.023575072924548968,-0.0013714303284273477,0.0002971172122038235
Addition and Subtraction Fractions,stream_smoothed_every1000,4418,0.056530731000066226,0.717444782505922,0.09306363220166898,0.0,0.15795573118690825,0.18588406938638655,0.7674998820112154,0.4164434869330134,-0.5274660846814336,-0.5260444222771089,0.7673493569253697,0.09473789747928894,0.12341300397105177,0.19308375878758896,0.7410515126519125,0.001674265277619963,0.03454272721585648,0.007199689401202414,0.023606730145990462,-0.0014216624043247306,0.0001505250858457874
Addition and Subtraction Fractions,stream_smoothed_retained_every100(same as above),4418,0.05833869100001721,0.7174837629882058,0.09316855967771352,0.0,0.15684330627613363,0.1860626319476854,0.7676468316793451,0.4164196360273884,-0.5274152015303069,-0.5260444222771089,0.7673493569253697,0.09473789747928894,0.12341300397105177,0.19308375878758896,0.7410515126519125,0.0015693378015754211,0.03343030230508186,0.007021126839903552,0.023567749663706672,-0.0013707792531979512,0.0002974747539754574
Addition and Subtraction Fractions,filter_only_every100,4418,0.024638766999942163,0.6854843887734284,0.09524246739363958,0.0,0.15388382867313005,0.18262942564872714,0.7674873680492091,0.4166137631064717,-0.5276692748334509,-0.5260444222771089,0.7673493569253697,0.09473789747928894,0.12341300397105177,0.19308375878758896,0.7410515126519125,0.0005045699143506333,0.030470824702078278,0.010454333138861821,0.05556712387848406,-0.001624852556342038,0.00013801112383948766
Area Triangle,refit_batch_all (warm from half),49038,0.1006100750000769,0.8571605123969109,0.017098722607637982,0.0,1.1978013467049755e-16,0.029027698210419957,0.7920859133126934,0.20722506481358435,-0.18463822830228607,-0.18463822830228607,0.7920859133126934,0.017098722607637982,1.1978013467049755e-16,0.029027698210419957,0.8571605123969109,0.0,0.0,0.0,0.0,0.0,0.0
Area Triangle,frozen_half,0,0.0,0.8108790143894354,0.014567828556052083,0.0,1.1157968836683868e-10,0.0003014967302138387,0.7905732468425966,0.2113073143652667,-0.34979860448347994,-0.18463822830228607,0.7920859133126934,0.017098722607637982,1.1978013467049755e-16,0.029027698210419957,0.8571605123969109,0.0025308940515858993,1.1157956858670401e-10,0.028726201480206118,0.0462814980074755,-0.16516037618119386,-0.0015126664700968462
Area Triangle,periodic_refit_1iter,8173,0.01582287299993368,0.8372715269617425,0.019573561919327208,0.0,2.6459531166663438e-11,0.028654833078230666,0.7905517470145953,0.2073098629701239,-0.18496001450043625,-0.18463822830228607,0.7920859133126934,0.017098722607637982,1.1978013467049755e-16,0.029027698210419957,0.8571605123969109,0.002474839311689226,2.6459411386528767e-11,0.00037286513218929077,0.019888985435168482,-0.0003217861981501813,-0.0015341662980981052
Area Triangle,periodic_refit_3iter,24519,0.047614164999913555,0.8570682696811099,0.017102855776744225,0.0,5.916354513154823e-14,0.02902613208817956,0.7905517470145953,0.20722538354260805,-0.18463941249551075,-0.18463822830228607,0.7920859133126934,0.017098722607637982,1.1978013467049755e-16,0.029027698210419957,0.8571605123969109,4.133169106242812e-06,5.904376499687773e-14,1.5661222403963448e-06,9.224271580099419e-05,-1.1841932246736686e-06,-0.0015341662980981052
Area Triangle,periodic_refit_10iter,81730,0.15894593600000917,0.8571609227944014,0.017098705711116748,0.0,2.2063495483508668e-23,0.029027705188437104,0.7923416076957099,0.2072250633965631,-0.1846382230502216,-0.18463822830228607,0.7920859133126934,0.017098722607637982,1.1978013467049755e-16,0.029027698210419957,0.8571605123969109,1.6896521234238682e-08,1.1978011260700208e-16,6.978017146747062e-09,4.1039749043569884e-07,5.252064477767604e-09,0.0002556943830165359
Area Triangle,stream_smoothed_every100,4087,0.05896397900005468,0.8108790143894354,0.014567828556052083,0.0,1.1157968836683868e-10,0.0003014967302138387,0.7905732468425966,0.2113073143652667,-0.34979860448347994,-0.18463822830228607,0.7920859133126934,0.017098722607637982,1.1978013467049755e-16,0.029027698210419957,0.8571605123969109,0.0025308940515858993,1.1157956858670401e-10,0.028726201480206118,0.0462814980074755,-0.16516037618119386,-0.0015126664700968462
Area Triangle,stream_smoothed_every1000,4087,0.05833785499999067,0.8108790143894354,0.014567828556052083,0.0,1.1157968836683868e-10,0.0003014967302138387,0.7905732468425966,0.2113073143652667,-0.34979860448347994,-0.18463822830228607,0.7920859133126934,0.017098722607637982,1.1978013467049755e-16,0.029027698210419957,0.8571605123969109,0.0025308940515858993,1.1157956858670401e-10,0.028726201480206118,0.0462814980074755,-0.16516037618119386,-0.0015126664700968462
Area Triangle,stream_smoothed_retained_every100(same as above),4087,0.06185193600003913,0.8108790143894354,0.014567828556052083,0.0,1.1157968836683868e-10,0.0003014967302138387,0.7905732468425966,0.2113073143652667,-0.34979860448347994,-0.18463822830228607,0.7920859133126934,0.017098722607637982,1.1978013467049755e-16,0.029027698210419957,0.8571605123969109,0.0025308940515858993,1.1157956858670401e-10,0.028726201480206118,0.0462814980074755,-0.16516037618119386,-0.0015126664700968462
Area Triangle,filter_only_every100,4087,0.026906607000000804,0.8429903538448419,0.01830295758410427,0.0,1.4139065177206276e-10,0.02875539322417388,0.7905548184185954,0.20728290999783314,-0.18485648084201659,-0.18463822830228607,0.7920859133126934,0.017098722607637982,1.1978013467049755e-16,0.029027698210419957,0.8571605123969109,0.0012042349764662882,1.413905319919281e-10,0.0002723049862460754,0.014170158552069045,-0.0002182525397305124,-0.001531094894097973
Proportion,refit_batch_all (warm from half),412794,0.6762721170000532,0.4713291409577836,0.0380241896080326,0.0,0.394561772978454,0.1484619295957264,0.6621664694791548,0.4590404564826239,-0.6115053753984858,-0.6115053753984858,0.6621664694791548,0.0380241896080326,0.394561772978454,0.1484619295957264,0.4713291409577836,0.0,0.0,0.0,0.0,0.0,0.0
Proportion,frozen_half,0,0.0,0.48895029185573724,0.028689998193606726,0.0,0.359137421854466,0.18435434427585806,0.6601959449603734,0.4591200782687203,-0.6109775620492414,-0.6115053753984858,0.6621664694791548,0.0380241896080326,0.394561772978454,0.1484619295957264,0.4713291409577836,0.009334191414425878,0.03542435112398801,0.03589241468013166,0.01762115089795363,0.0005278133492444548,-0.0019705245187814358
Proportion,periodic_refit_1iter,7242,0.010945604000198728,0.5291006575466443,0.036063119477779654,0.0,0.36852942072934414,0.173618578958397,0.6600730404153364,0.45852688861387625,-0.6100364234227661,-0.6115053753984858,0.6621664694791548,0.0380241896080326,0.394561772978454,0.1484619295957264,0.4713291409577836,0.0019610701302529496,0.02603235224910988,0.02515664936267059,0.05777151658886065,0.0014689519757197234,-0.002093429063818375
Proportion,periodic_refit_3iter,21726,0.03417505499987783,0.5185186228718159,0.03885295078254559,0.0,0.3718600202292498,0.16706850231597545,0.6609819938088524,0.4585925984869155,-0.6103370123309949,-0.6115053753984858,0.6621664694791548,0.0380241896080326,0.394561772978454,0.1484619295957264,0.4713291409577836,0.0008287611745129847,0.022701752749204218,0.018606572720249043,0.04718948191403233,0.0011683630674909073,-0.0011844756703024428
Proportion,periodic_refit_10iter,72420,0.11999894199993832,0.49209389991046104,0.03909491884427193,0.0,0.38318870840431846,0.1575063637313156,0.6612413088928867,0.45880185723398675,-0.6109143857165967,-0.6115053753984858,0.6621664694791548,0.0380241896080326,0.394561772978454,0.1484619295957264,0.4713291409577836,0.0010707292362393261,0.01137306457413556,0.009044434135589197,0.02076475895267743,0.000590989681889087,-0.0009251605862681256
Proportion,stream_smoothed_every100,3621,0.04921846599995661,0.5261751931078208,0.03654276147300002,0.0,0.3700761674565057,0.1723906717029052,0.6600946500056725,0.4585304306268293,-0.6100674386611052,-0.6115053753984858,0.6621664694791548,0.0380241896080326,0.394561772978454,0.1484619295957264,0.4713291409577836,0.0014814281350325822,0.02448560552194834,0.023928742107178796,0.05484605215003718,0.001437936737380574,-0.002071819473482339
Proportion,stream_smoothed_every1000,3621,0.04862412200009203,0.5268515796120065,0.03619520381333324,0.0,0.3704047552211011,0.17254047088117536,0.660144622183325,0.45853612508025154,-0.6100686821532496,-0.6115053753984858,0.6621664694791548,0.0380241896080326,0.394561772978454,0.1484619295957264,0.4713291409577836,0.0018289857946993601,0.024157017757352905,0.02407854128544895,0.05552243865422285,0.0014366932452362091,-0.0020218472958297706
Proportion,stream_smoothed_retained_every100(same as above),3621,0.05370566100009455,0.5262536303251782,0.03654336034116765,0.0,0.3700283116346657,0.17243329068800756,0.6600784428129205,0.4585295353947276,-0.6100650540283028,-0.6115053753984858,0.6621664694791548,0.0380241896080326,0.394561772978454,0.1484619295957264,0.4713291409577836,0.0014808292668649567,0.02453346134378831,0.02397136109228115,0.054924489367394635,0.0014403213701830175,-0.0020880266662343105
Proportion,filter_only_every100,3621,0.023876339000025837,0.48028712158257086,0.02941184597356773,0.0,0.3694332790612329,0.17523000914711132,0.6601162595960087,0.4591471700269029,-0.6111283542047926,-0.6115053753984858,0.6621664694791548,0.0380241896080326,0.394561772978454,0.1484619295957264,0.4713291409577836,0.008612343634464874,0.025128493917221106,0.02676807955138491,0.008957980624787254,0.0003770211936932055,-0.0020502098831460813
