build,load_procs,answers,students,parallel,median_us,p90_us,min_us
master,0,5,2,0,7.4,7.7,5.3
master,0,5,2,1,6.5,7.3,5.8
master,0,1800,230,0,121.3,135.4,115.8
master,0,1800,230,1,55.8,72.3,47.5
master,0,22900,1115,0,1726.1,2051.3,1124.8
master,0,22900,1115,1,604.7,677.0,322.6
master,0,200000,5000,0,11238.3,14775.0,9364.3
master,0,200000,5000,1,3980.0,4965.3,2446.4
master,2,5,2,0,3.7,3.9,3.5
master,2,5,2,1,6.8,50.9,5.7
master,2,1800,230,0,92.6,129.0,86.0
master,2,1800,230,1,39.4,58.2,33.5
master,2,22900,1115,0,1158.6,1943.0,1034.7
master,2,22900,1115,1,435.6,7999.3,280.8
master,2,200000,5000,0,12324.7,15834.0,9587.1
master,2,200000,5000,1,8004.6,16020.2,2695.7
master,4,5,2,0,6.8,7.3,5.5
master,4,5,2,1,8000.2,8109.6,6412.8
master,4,1800,230,0,86.8,101.2,78.3
master,4,1800,230,1,7999.6,8043.4,4012.1
master,4,22900,1115,0,1170.0,1345.6,1020.1
master,4,22900,1115,1,8002.6,8524.8,7377.9
master,4,200000,5000,0,12634.8,23500.6,9383.1
master,4,200000,5000,1,15544.7,16078.3,7336.9
phase1,0,5,2,0,4.2,4.6,4.0
phase1,0,5,2,1,6.7,7.3,6.2
phase1,0,1800,230,0,94.5,130.4,90.0
phase1,0,1800,230,1,55.5,70.3,34.5
phase1,0,22900,1115,0,1231.5,1412.8,1121.4
phase1,0,22900,1115,1,512.5,608.7,330.7
phase1,0,200000,5000,0,11356.4,16811.6,9511.3
phase1,0,200000,5000,1,4582.2,8859.4,2652.6
phase1,2,5,2,0,4.1,4.3,3.8
phase1,2,5,2,1,6.9,7.4,6.3
phase1,2,1800,230,0,150.0,169.5,129.2
phase1,2,1800,230,1,7995.6,8012.3,37.4
phase1,2,22900,1115,0,2539.3,2669.2,1156.0
phase1,2,22900,1115,1,4546.5,8011.3,470.8
phase1,2,200000,5000,0,14308.0,18387.8,9926.5
phase1,2,200000,5000,1,15792.2,18409.2,4684.6
phase1,4,5,2,0,4.1,4.4,3.8
phase1,4,5,2,1,6.7,7.3,6.2
phase1,4,1800,230,0,93.1,129.4,82.0
phase1,4,1800,230,1,7998.6,8020.5,7957.9
phase1,4,22900,1115,0,1182.5,5205.4,1051.3
phase1,4,22900,1115,1,7999.4,8467.0,4288.0
phase1,4,200000,5000,0,11515.8,23366.9,9876.6
phase1,4,200000,5000,1,13009.0,17289.1,7145.0
