skill,seed,method,esteps,ll,prior,learn,guess,slip,at_bound,below_unconstrained_best,vs_best_plausible_found
Percent Of,0,em_projected,53,-10502.430326068137,0.06457210264929651,0.01510609198433056,0.5,0.0011257648969498094,True,30.238879836453634,
Percent Of,0,lbfgs_bounded,29,-10502.430326063735,0.06457175401202937,0.015106075089737124,0.5,0.0011257156024269755,True,30.23887983205168,
Percent Of,1,em_projected,60,-10502.430326067615,0.06457207723206565,0.015106090740175706,0.5,0.0011257614091823506,True,30.238879835931584,
Percent Of,1,lbfgs_bounded,36,-10502.430326063728,0.06457175132366637,0.015106073805412104,0.5,0.0011257154937802886,True,30.238879832044404,
Percent Of,2,em_projected,34,-10502.430326066367,0.06457201782044847,0.015106087857867751,0.5,0.0011257532711639012,True,30.238879834683758,
Percent Of,2,lbfgs_bounded,29,-10502.430326063783,0.0645718116002802,0.0151060711524143,0.5,0.0011257132733696448,True,30.238879832098974,
Addition and Subtraction Integers,0,em_projected,29,-11475.68703567005,0.5366721442390762,0.0060314868901967566,0.44003848261969497,0.07766984127394992,False,5.591573426499963e-09,-5.591573426499963e-09
Addition and Subtraction Integers,0,lbfgs_bounded,19,-11475.687035666151,0.5366704410000334,0.006031525095895546,0.44003875068839043,0.07766965765320204,False,1.6934791347011924e-09,-1.6934791347011924e-09
Addition and Subtraction Integers,1,em_projected,30,-11475.687035670506,0.5366720531527616,0.006031479112420939,0.4400385185486102,0.07766982997393708,False,6.048139766789973e-09,-6.048139766789973e-09
Addition and Subtraction Integers,1,lbfgs_bounded,22,-11475.687035664907,0.5366706409438139,0.006031532561078404,0.44003871772151965,0.07766969409588376,False,4.4929038267582655e-10,-4.4929038267582655e-10
Addition and Subtraction Integers,2,em_projected,27,-11475.687035671459,0.5366723001489391,0.006031502060901852,0.44003841738261,0.07766986073159232,False,7.0012902142480016e-09,-7.0012902142480016e-09
Addition and Subtraction Integers,2,lbfgs_bounded,3,-12649.351302411718,0.28979719617810207,0.05907418113976196,0.21489874336361275,0.18059671778548309,False,1173.6642667472606,-1173.6642667472606
Conversion of Fraction Decimals Percents,0,em_projected,43,-12611.38641384477,0.6018250657489701,0.012711312013260263,0.4089712344106738,0.18443999377163844,False,9.869836503639817e-09,-9.869836503639817e-09
Conversion of Fraction Decimals Percents,0,lbfgs_bounded,20,-12611.386413835038,0.6018225583320488,0.012711450712851189,0.4089717528996011,0.18443943642923064,False,1.382431946694851e-10,-1.382431946694851e-10
Conversion of Fraction Decimals Percents,1,em_projected,45,-12611.386413845179,0.6018251008041405,0.012711310063303127,0.40897122717891127,0.18444000156057744,False,1.0279109119437635e-08,-1.0279109119437635e-08
Conversion of Fraction Decimals Percents,1,lbfgs_bounded,24,-12611.386413835435,0.601822553628854,0.012711451675378972,0.4089717610506142,0.18443943175987898,False,5.347828846424818e-10,-5.347828846424818e-10
Conversion of Fraction Decimals Percents,2,em_projected,36,-12611.386413844344,0.6018249633333542,0.012711317900629522,0.40897125508228277,0.18443997113652583,False,9.444192983210087e-09,-9.444192983210087e-09
Conversion of Fraction Decimals Percents,2,lbfgs_bounded,15,-12611.386413835355,0.6018225620720711,0.01271145073566938,0.40897175195453384,0.18443943732502932,False,4.547473508864641e-10,-4.547473508864641e-10
Volume Rectangular Prism,0,em_projected,35,-4167.252571425381,0.7321602664590019,0.003673019575932513,0.5,0.006929382614620944,True,69.08259486119186,
Volume Rectangular Prism,0,lbfgs_bounded,41,-4167.252571423175,0.7321587397041063,0.0036730265044740474,0.5,0.006929343302634462,True,69.08259485898634,
Volume Rectangular Prism,1,em_projected,36,-4167.252571425457,0.7321603186488077,0.0036730194286655653,0.5,0.006929383910091004,True,69.08259486126826,
Volume Rectangular Prism,1,lbfgs_bounded,18,-4167.252571423277,0.7321583834818219,0.0036730272780337047,0.5,0.0069293388097003425,True,69.0825948590882,
Volume Rectangular Prism,2,em_projected,35,-4167.2525714251005,0.7321601802205683,0.003673019819247925,0.5,0.006929380474304163,True,69.08259486091174,
Volume Rectangular Prism,2,lbfgs_bounded,26,-4167.252571423229,0.7321586178500542,0.0036730243051429027,0.5,0.006929341685588194,True,69.08259485904,
Venn Diagram,0,em_projected,30,-7389.665527174655,0.762642881656526,0.0633548536411671,0.07501210151505863,0.13166886744052067,False,1073.7012602295117,-4.164576239418238e-09
Venn Diagram,0,lbfgs_bounded,16,-7389.66552717051,0.762644844163015,0.063354276917683,0.07501177298956659,0.13166897073922276,False,1073.7012602253672,-2.000888343900442e-11
Venn Diagram,1,em_projected,29,-7389.665527173751,0.7626431256011603,0.06335478164461403,0.07501206076658486,0.13166888016827674,False,1073.7012602286077,-3.2605385058559477e-09
Venn Diagram,1,lbfgs_bounded,17,-7389.665527170544,0.762644853592235,0.06335427161368669,0.0750117621549517,0.13166897007557615,False,1073.7012602254008,-5.3660187404602766e-11
Venn Diagram,2,em_projected,142,-6417.364094205592,0.11687764820557887,0.020427321782323787,0.5,0.00027728927800136575,True,101.39982726044855,972.3014329648986
Venn Diagram,2,lbfgs_bounded,23,-6417.693555242876,0.12374496865549679,0.020573064965794342,0.5,0.0009110511944006454,True,101.72928829773264,971.9719719276145
Equation Solving Two or Fewer Steps,0,em_projected,82,-10475.048412474503,0.6386655197755141,0.03809105109612557,0.284698183470482,0.25182230634065517,False,3.0775481718592346e-08,-3.0775481718592346e-08
Equation Solving Two or Fewer Steps,0,lbfgs_bounded,22,-10475.048412443823,0.6386600937841725,0.03809080613196579,0.2847022775771915,0.2518210128319901,False,9.458744898438454e-11,-9.458744898438454e-11
Equation Solving Two or Fewer Steps,1,em_projected,91,-10475.04841247621,0.6386656637432124,0.03809105719439077,0.2846980700682046,0.2518223415900996,False,3.248169377911836e-08,-3.248169377911836e-08
Equation Solving Two or Fewer Steps,1,lbfgs_bounded,18,-10475.04841244374,0.6386602792216984,0.038090829672487614,0.28470231190467993,0.2518210234287234,False,1.2732925824820995e-11,-1.2732925824820995e-11
Equation Solving Two or Fewer Steps,2,em_projected,80,-10475.048412475224,0.6386549730181734,0.03809060441915933,0.28470649071021725,0.251819724109754,False,3.1495801522396505e-08,-3.1495801522396505e-08
Equation Solving Two or Fewer Steps,2,lbfgs_bounded,15,-10475.048412443795,0.6386600934348222,0.03809080018059239,0.28470248752744814,0.2518209909636494,False,6.730260793119669e-11,-6.730260793119669e-11
Volume Cylinder,0,em_projected,15,-4068.3120067162768,0.6693960198858163,0.011999442462868888,0.00942986218562274,0.12384806892846081,False,1.6671037883497775e-09,-1.6671037883497775e-09
Volume Cylinder,0,lbfgs_bounded,15,-4068.312006714715,0.6693975265759649,0.011999347623959959,0.009429829730464792,0.12384817108347387,False,1.0550138540565968e-10,-1.0550138540565968e-10
Volume Cylinder,1,em_projected,15,-4068.312006715875,0.669396203536921,0.011999433115546795,0.009429858241624841,0.12384808142392009,False,1.2655618775170296e-09,-1.2655618775170296e-09
Volume Cylinder,1,lbfgs_bounded,14,-4068.312006714931,0.6693973839943584,0.011999369249605294,0.009429853714499415,0.12384808376719353,False,3.2150637707673013e-10,-3.2150637707673013e-10
Volume Cylinder,2,em_projected,17,-4068.3120067149903,0.6693967373789244,0.011999405935920342,0.00942984679724446,0.12384811773475707,False,3.8062353269197047e-10,-3.8062353269197047e-10
Volume Cylinder,2,lbfgs_bounded,24,-4068.31200671463,0.6693973351667069,0.011999374638804213,0.0094298333120446,0.12384816116940726,False,2.0463630789890885e-11,-2.0463630789890885e-11
Multiplication and Division Integers,0,em_projected,30,-6567.812441141119,0.9682271919126023,0.01636481403993687,1.4415487864188553e-11,0.21620424085706416,False,466.3453260988672,-5.892616172786802e-09
Multiplication and Division Integers,0,lbfgs_bounded,20,-6568.19001476198,0.96809284583995,0.016343892820040864,0.0009110511944006454,0.21615043569425882,False,466.72289971972805,-0.37757362675347395
Multiplication and Division Integers,1,em_projected,29,-6567.812441139662,0.9682271919154729,0.016364814038635513,1.1309761031338058e-11,0.21620424085780432,False,466.3453260974102,-4.435605660546571e-09
Multiplication and Division Integers,1,lbfgs_bounded,27,-6568.190014761855,0.9680928449035857,0.01634389106197746,0.0009110511944006454,0.21615043504581805,False,466.72289971960345,-0.37757362662887317
Multiplication and Division Integers,2,em_projected,30,-6567.812441139732,0.9682271919155937,0.016364814038505187,1.1352548622385424e-11,0.2162042408578195,False,466.3453260974802,-4.5056367525830865e-09
Multiplication and Division Integers,2,lbfgs_bounded,56,-6568.19001476146,0.9680928069180318,0.01634393950160096,0.0009110511944006454,0.21615043272028028,False,466.7228997192078,-0.377573626233243
