skill,answers,seed,method,esteps,ll,hit_cap,best_seen,seconds,prior,learn,guess,slip,skill_best,start_best,to_skill_best_0.005,to_start_best_0.005,to_skill_best_0.0001,to_start_best_0.0001,gap_to_skill_best,plausible
Percent Of,22908,0,em,51,-10472.191446234781,False,-10472.191446234781,2.0327833080000346,0.057951549069248785,0.012791176734747677,0.5356609303980051,0.0005628406873737687,-10472.191446231684,-10472.191446231696,39.0,39.0,43.0,43.0,3.0977389542385936e-09,False
Percent Of,22908,0,squarem,34,-10472.191446231727,False,-10472.191446231696,1.3631987579999532,0.05795142593639032,0.01279111122748128,0.5356610760959105,0.0005628184567806023,-10472.191446231684,-10472.191446231696,24.0,24.0,26.0,26.0,1.2732925824820995e-11,False
Percent Of,22908,0,lbfgs,38,-10472.191446231802,False,-10472.191446231802,1.603705489000049,0.05795139522824566,0.012791107779922766,0.5356610570538822,0.0005628171615307825,-10472.191446231684,-10472.191446231696,32.0,32.0,35.0,35.0,1.1823431123048067e-10,False
Percent Of,22908,0,em5+lbfgs,41,-10472.191446231805,False,-10472.191446231805,1.6632811189999757,0.05795143631753335,0.01279110074958505,0.5356610651468485,0.0005628151542117497,-10472.191446231684,-10472.191446231696,36.0,36.0,37.0,37.0,1.2187229003757238e-10,False
Percent Of,22908,0,nelder_mead,427,-10472.19144623172,False,-10472.19144623172,17.34402177600009,0.057951479347369855,0.012791114043455584,0.5356610686440231,0.0005628207679797082,-10472.191446231684,-10472.191446231696,254.0,254.0,278.0,278.0,3.637978807091713e-11,False
Percent Of,22908,0,de,2000,-10472.540093067177,True,-10472.540093067177,79.96048724600018,0.05879878854787612,0.01288534499912804,0.5351818029951974,0.0009111763624992478,-10472.191446231684,-10472.191446231696,,,,,0.3486468354931276,False
Percent Of,22908,1,em,58,-10472.191446234448,False,-10472.191446234448,2.2681877879999774,0.05795153923857691,0.012791172397677233,0.5356609404125922,0.0005628391251065173,-10472.191446231684,-10472.191446231684,46.0,46.0,50.0,50.0,2.764863893389702e-09,False
Percent Of,22908,1,squarem,35,-10472.191446231784,False,-10472.191446231736,1.4164270770002076,0.057951426126886654,0.012791111215192767,0.5356610761000079,0.0005628184472648705,-10472.191446231684,-10472.191446231684,25.0,25.0,28.0,28.0,5.275069270282984e-11,False
Percent Of,22908,1,lbfgs,53,-10472.191446231749,False,-10472.191446231749,2.1463767519999237,0.05795142776139798,0.012791111101328205,0.5356610811733762,0.000562818317880854,-10472.191446231684,-10472.191446231684,48.0,48.0,50.0,50.0,6.548361852765083e-11,False
Percent Of,22908,1,em5+lbfgs,38,-10472.191446231773,False,-10472.191446231773,1.5489529100000254,0.057951428712587724,0.012791109255185349,0.5356610919736939,0.0005628187433783851,-10472.191446231684,-10472.191446231684,34.0,34.0,35.0,35.0,8.913048077374697e-11,False
Percent Of,22908,1,nelder_mead,445,-10472.191446231684,False,-10472.191446231684,17.524163483999928,0.057951430057913894,0.012791110979475134,0.5356610773786129,0.00056282008644511,-10472.191446231684,-10472.191446231684,278.0,278.0,316.0,316.0,0.0,False
Percent Of,22908,2,em,32,-10472.191446233472,False,-10472.191446233472,1.220967329999894,0.057951515019312144,0.01279116168547076,0.5356609651340347,0.0005628352699250325,-10472.191446231684,-10472.191446231687,20.0,20.0,23.0,23.0,1.788066583685577e-09,False
Percent Of,22908,2,squarem,22,-10472.191446231687,False,-10472.191446231687,0.8991086999999425,0.057951423429274444,0.012791111102690057,0.535661076554456,0.0005628185064724027,-10472.191446231684,-10472.191446231687,13.0,13.0,16.0,16.0,3.637978807091713e-12,False
Percent Of,22908,2,lbfgs,27,-10472.191446231785,False,-10472.191446231785,1.0729342349998205,0.05795137150753899,0.012791109494047563,0.5356610976529766,0.0005628159166229795,-10472.191446231684,-10472.191446231687,24.0,24.0,25.0,25.0,1.0186340659856796e-10,False
Percent Of,22908,2,em5+lbfgs,29,-10472.191446231707,False,-10472.191446231707,1.2094244939999044,0.05795142989186271,0.012791114242960411,0.5356610701363957,0.000562818540714539,-10472.191446231684,-10472.191446231687,23.0,23.0,25.0,25.0,2.3646862246096134e-11,False
Percent Of,22908,2,nelder_mead,412,-10472.191446231722,False,-10472.191446231722,16.44749380799999,0.05795140286228481,0.012791116257259925,0.5356610661795376,0.0005628203481989776,-10472.191446231684,-10472.191446231687,212.0,212.0,236.0,236.0,3.8198777474462986e-11,False
Addition and Subtraction Integers,22895,0,em,29,-11475.68703567005,False,-11475.68703567005,4.964519976999782,0.5366721442390762,0.0060314868901967566,0.44003848261969497,0.07766984127394992,-11475.687035664458,-11475.687035664656,15.0,15.0,19.0,19.0,5.591573426499963e-09,True
Addition and Subtraction Integers,22895,0,squarem,20,-11475.687035665085,False,-11475.687035664656,3.224096717999828,0.5366705166181867,0.006031527138301005,0.44003876394124464,0.07766965051548128,-11475.687035664458,-11475.687035664656,9.0,9.0,12.0,12.0,1.9826984498649836e-10,True
Addition and Subtraction Integers,22895,0,lbfgs,53,-11475.687035665029,False,-11475.687035665029,8.894190010000102,0.5366705144676371,0.006031514061091005,0.44003877321955215,0.07766966480113457,-11475.687035664458,-11475.687035664656,18.0,18.0,22.0,22.0,5.711626727133989e-10,True
Addition and Subtraction Integers,22895,0,em5+lbfgs,21,-11475.687035666082,False,-11475.687035666082,3.601464266999983,0.5366710707012483,0.006031502251660431,0.4400386336009253,0.07766967136041895,-11475.687035664458,-11475.687035664656,16.0,16.0,17.0,17.0,1.6243575373664498e-09,True
Addition and Subtraction Integers,22895,0,nelder_mead,316,-11475.687035664803,False,-11475.687035664803,52.08448496200003,0.5366706697658219,0.006031513169628393,0.4400386985463346,0.07766961390816014,-11475.687035664458,-11475.687035664656,172.0,172.0,206.0,206.0,3.4560798667371273e-10,True
Addition and Subtraction Integers,22895,0,de,2000,-11475.68721230837,True,-11475.68721230837,327.503830291,0.536358200698171,0.006043784433628903,0.44002209016696847,0.07766215043317054,-11475.687035664458,-11475.687035664656,1493.0,1493.0,,,0.00017664391270955093,True
Addition and Subtraction Integers,22895,1,em,30,-11475.687035670506,False,-11475.687035670506,5.056307765999918,0.5366720531527616,0.006031479112420939,0.4400385185486102,0.07766982997393708,-11475.687035664458,-11475.687035664458,16.0,16.0,20.0,20.0,6.048139766789973e-09,True
Addition and Subtraction Integers,22895,1,squarem,23,-11475.687035665562,False,-11475.68703566459,3.835588061999715,0.5366704943552115,0.006031525708665204,0.4400387719401228,0.07766964761943679,-11475.687035664458,-11475.687035664458,13.0,13.0,14.0,14.0,1.3278622645884752e-10,True
Addition and Subtraction Integers,22895,1,lbfgs,27,-11475.6870356653,False,-11475.6870356653,4.398203046000162,0.5366705604422659,0.006031518850571377,0.440038769732625,0.07766965376835265,-11475.687035664458,-11475.687035664458,22.0,22.0,25.0,25.0,8.421920938417315e-10,True
Addition and Subtraction Integers,22895,1,em5+lbfgs,24,-11475.687035664458,False,-11475.687035664458,3.7844534040000326,0.5366705226588119,0.006031519063334036,0.4400386964214641,0.07766966167081558,-11475.687035664458,-11475.687035664458,16.0,16.0,16.0,16.0,0.0,True
Addition and Subtraction Integers,22895,1,nelder_mead,396,-11475.687035665576,False,-11475.687035665576,65.62261392200026,0.5366707725829785,0.006031515749616769,0.4400388568108184,0.07766972230133018,-11475.687035664458,-11475.687035664458,262.0,262.0,289.0,289.0,1.1186784831807017e-09,True
Addition and Subtraction Integers,22895,2,em,27,-11475.687035671459,False,-11475.687035671459,4.29825261499991,0.5366723001489391,0.006031502060901852,0.44003841738261,0.07766986073159232,-11475.687035664458,-11475.687035664967,13.0,13.0,17.0,17.0,7.0012902142480016e-09,True
Addition and Subtraction Integers,22895,2,squarem,16,-11475.68703566519,False,-11475.68703566519,2.7791702549998263,0.5366704674008949,0.006031524555230381,0.44003877365496263,0.077669649800597,-11475.687035664458,-11475.687035664967,9.0,9.0,11.0,11.0,7.330527296289802e-10,True
Addition and Subtraction Integers,22895,2,lbfgs,15,-11475.687035664967,False,-11475.687035664967,2.492456860999937,0.5366704862519618,0.006031527186342888,0.4400387441637947,0.07766965454196054,-11475.687035664458,-11475.687035664967,11.0,11.0,12.0,12.0,5.093170329928398e-10,True
Addition and Subtraction Integers,22895,2,em5+lbfgs,19,-11475.687035665027,False,-11475.687035665027,2.9003738250003153,0.5366705301639939,0.00603152836266341,0.4400387871470247,0.07766964805079606,-11475.687035664458,-11475.687035664967,15.0,15.0,16.0,16.0,5.693436833098531e-10,True
Addition and Subtraction Integers,22895,2,nelder_mead,327,-11475.687035664987,False,-11475.687035664987,53.98229453900012,0.5366706085046177,0.00603153094888242,0.4400387931858815,0.07766963969263192,-11475.687035664458,-11475.687035664967,173.0,173.0,208.0,208.0,5.293259164318442e-10,True
Conversion of Fraction Decimals Percents,20990,0,em,43,-12611.38641384477,False,-12611.38641384477,2.434665737999694,0.6018250657489701,0.012711312013260263,0.4089712344106738,0.18443999377163844,-12611.3864138349,-12611.386413834969,20.0,20.0,27.0,27.0,9.869836503639817e-09,True
Conversion of Fraction Decimals Percents,20990,0,squarem,22,-12611.386413835084,False,-12611.386413834969,1.196791439000208,0.6018225579122988,0.012711450661012163,0.4089717521731012,0.18443943800967724,-12611.3864138349,-12611.386413834969,11.0,11.0,14.0,14.0,6.912159733474255e-11,True
Conversion of Fraction Decimals Percents,20990,0,lbfgs,19,-12611.386413835064,False,-12611.386413835064,1.1472576989999652,0.6018225492517758,0.012711450209807946,0.4089717568307756,0.18443943394913118,-12611.3864138349,-12611.386413834969,13.0,13.0,15.0,15.0,1.6370904631912708e-10,True
Conversion of Fraction Decimals Percents,20990,0,em5+lbfgs,21,-12611.386413835558,False,-12611.386413835558,1.248964241000067,0.6018227873560777,0.012711448942195447,0.4089716832204923,0.18443941551123647,-12611.3864138349,-12611.386413834969,17.0,17.0,18.0,18.0,6.584741640836e-10,True
Conversion of Fraction Decimals Percents,20990,0,nelder_mead,334,-12611.386413835035,False,-12611.386413835035,18.898027856000226,0.6018227210851126,0.012711435958685248,0.4089717674120798,0.18443942148990244,-12611.3864138349,-12611.386413834969,196.0,196.0,220.0,220.0,1.3460521586239338e-10,True
Conversion of Fraction Decimals Percents,20990,0,de,2000,-12611.386439729535,True,-12611.386439729535,112.31861112600018,0.6016776679686201,0.012715549398917387,0.40898125642821004,0.1844147869726119,-12611.3864138349,-12611.386413834969,1450.0,1450.0,1821.0,1821.0,2.589463474578224e-05,True
Conversion of Fraction Decimals Percents,20990,1,em,45,-12611.386413845179,False,-12611.386413845179,2.528120376000061,0.6018251008041405,0.012711310063303127,0.40897122717891127,0.18444000156057744,-12611.3864138349,-12611.386413834987,22.0,22.0,29.0,29.0,1.0279109119437635e-08,True
Conversion of Fraction Decimals Percents,20990,1,squarem,22,-12611.386413835215,False,-12611.386413835215,1.132095984999978,0.6018226906214121,0.012711443605941264,0.4089717256295281,0.18443946575484546,-12611.3864138349,-12611.386413834987,13.0,13.0,15.0,15.0,3.1468516681343317e-10,True
Conversion of Fraction Decimals Percents,20990,1,lbfgs,23,-12611.38641383527,False,-12611.38641383527,1.19587434999994,0.6018225477552517,0.012711453490402152,0.40897175124037516,0.18443942776285072,-12611.3864138349,-12611.386413834987,20.0,20.0,21.0,21.0,3.6925484891980886e-10,True
Conversion of Fraction Decimals Percents,20990,1,em5+lbfgs,22,-12611.386413835531,False,-12611.386413835531,1.1431328890002987,0.6018226630732194,0.012711447723639737,0.40897183293611156,0.18443948567453253,-12611.3864138349,-12611.386413834987,18.0,18.0,19.0,19.0,6.311893230304122e-10,True
Conversion of Fraction Decimals Percents,20990,1,nelder_mead,377,-12611.386413834987,False,-12611.386413834987,21.16436193899972,0.6018223927888031,0.012711451966975673,0.40897180109211795,0.18443935019162475,-12611.3864138349,-12611.386413834987,216.0,216.0,256.0,256.0,8.731149137020111e-11,True
Conversion of Fraction Decimals Percents,20990,2,em,36,-12611.386413844344,False,-12611.386413844344,1.9607021320002787,0.6018249633333542,0.012711317900629522,0.40897125508228277,0.18443997113652583,-12611.3864138349,-12611.3864138349,13.0,13.0,20.0,20.0,9.444192983210087e-09,True
Conversion of Fraction Decimals Percents,20990,2,squarem,22,-12611.3864138349,False,-12611.3864138349,1.188082681999731,0.6018226185207112,0.012711447073166158,0.40897173896785166,0.1844394529281841,-12611.3864138349,-12611.3864138349,9.0,9.0,11.0,11.0,0.0,True
Conversion of Fraction Decimals Percents,20990,2,lbfgs,16,-12611.38641383534,False,-12611.38641383534,0.9413787039998169,0.601822565176785,0.012711450056198928,0.40897175385379814,0.1844394369579921,-12611.3864138349,-12611.3864138349,12.0,12.0,13.0,13.0,4.4019543565809727e-10,True
Conversion of Fraction Decimals Percents,20990,2,em5+lbfgs,18,-12611.386413835005,False,-12611.386413835005,1.1301734449998548,0.6018225707824884,0.01271145023287726,0.40897174993641283,0.18443943252084374,-12611.3864138349,-12611.3864138349,14.0,14.0,15.0,15.0,1.0550138540565968e-10,True
Conversion of Fraction Decimals Percents,20990,2,nelder_mead,274,-12611.38641383494,False,-12611.38641383494,15.988345748000029,0.6018226027206165,0.012711446235328733,0.4089717377073833,0.18443941662859087,-12611.3864138349,-12611.3864138349,128.0,128.0,149.0,149.0,4.001776687800884e-11,True
Volume Rectangular Prism,19489,0,em,35,-4152.913263349375,False,-4152.913263349375,1.606364104000022,0.6977259008330703,0.003750143696075616,0.5477664183628579,0.005284757190143143,-4098.169976564189,-4098.169976564189,,,,,54.743286785185774,False
Volume Rectangular Prism,19489,0,squarem,38,-4098.169988934193,False,-4098.169977816175,1.6885087600003317,0.6478567352128315,0.00310040546339451,0.588373216174526,1.0000000000000009e-09,-4098.169976564189,-4098.169976564189,21.0,21.0,22.0,22.0,1.2519858501036651e-06,False
Volume Rectangular Prism,19489,0,lbfgs,69,-4098.169976568039,False,-4098.169976568039,3.312444130000131,0.647855946006687,0.003100400797077348,0.58837308517791,2.761106761172037e-13,-4098.169976564189,-4098.169976564189,43.0,43.0,51.0,51.0,3.849891072604805e-09,False
Volume Rectangular Prism,19489,0,em5+lbfgs,32,-4152.9132633488625,False,-4152.9132633488625,1.3612126510001872,0.6977249063510105,0.0037501448156602333,0.5477664830628507,0.005284749932692754,-4098.169976564189,-4098.169976564189,,,,,54.74328678467373,False
Volume Rectangular Prism,19489,0,nelder_mead,631,-4098.169976564189,False,-4098.169976564189,28.124399511999854,0.6478565527583678,0.0031004083365209585,0.5883732181493736,1.3868854970217325e-15,-4098.169976564189,-4098.169976564189,240.0,240.0,278.0,278.0,0.0,False
Volume Rectangular Prism,19489,0,de,2000,-4109.465988383506,True,-4109.465988383506,88.98620905300004,0.6523439059040853,0.0030378818336865665,0.5877051295976983,0.0009111053884705624,-4098.169976564189,-4098.169976564189,,,,,11.296011819316846,False
Volume Rectangular Prism,19489,1,em,36,-4152.913263349388,False,-4152.913263349388,1.7543842720001521,0.6977259286284644,0.0037501436702736474,0.5477664165630997,0.0052847573955564255,-4098.169976564189,-4098.169976564208,,,,,54.743286785199416,False
Volume Rectangular Prism,19489,1,squarem,28,-4152.913263348765,False,-4152.913263348765,1.2537934070001029,0.6977249010768799,0.0037501446240713623,0.547766483096469,0.005284749801985661,-4098.169976564189,-4098.169976564208,,,,,54.74328678457641,False
Volume Rectangular Prism,19489,1,lbfgs,42,-4152.913263348791,False,-4152.913263348774,1.8193853079997098,0.697724895246732,0.003750144583956338,0.5477664819848403,0.005284749780122732,-4098.169976564189,-4098.169976564208,,,,,54.74328678458551,False
Volume Rectangular Prism,19489,1,em5+lbfgs,23,-4152.9132633489035,False,-4152.9132633489035,1.0754444809999768,0.697724931038161,0.0037501383253995724,0.547766503181616,0.005284750383091974,-4098.169976564189,-4098.169976564208,,,,,54.743286784714655,False
Volume Rectangular Prism,19489,1,nelder_mead,742,-4098.169976564208,False,-4098.169976564208,33.01048433899996,0.6478566714899979,0.0031004039716279164,0.5883732049191347,3.588284748285129e-15,-4098.169976564189,-4098.169976564208,189.0,189.0,373.0,373.0,1.9099388737231493e-11,False
Volume Rectangular Prism,19489,2,em,35,-4152.91326334924,False,-4152.91326334924,1.4461382389999926,0.6977258608713933,0.003750143733171291,0.5477664209503873,0.0052847568948197155,-4098.169976564189,-4098.169976564218,,,,,54.74328678505117,False
Volume Rectangular Prism,19489,2,squarem,28,-4152.913263348764,False,-4152.913263348764,1.2317065949996504,0.6977249010758598,0.0037501446240855415,0.547766483096058,0.005284749802041278,-4098.169976564189,-4098.169976564218,,,,,54.7432867845755,False
Volume Rectangular Prism,19489,2,lbfgs,22,-4152.913263348859,False,-4152.913263348859,0.938596650999898,0.6977249353158229,0.0037501446827723287,0.5477664648206264,0.005284748914000382,-4098.169976564189,-4098.169976564218,,,,,54.74328678467009,False
Volume Rectangular Prism,19489,2,em5+lbfgs,29,-4152.913263348823,False,-4152.913263348823,1.2952689069998087,0.6977248803403686,0.0037501442466303207,0.5477664907037348,0.005284749263454327,-4098.169976564189,-4098.169976564218,,,,,54.74328678463462,False
Volume Rectangular Prism,19489,2,nelder_mead,699,-4098.169976564218,False,-4098.169976564218,31.065048660999764,0.6478565398370217,0.0031004048791622206,0.5883731970769929,3.5863609603747144e-15,-4098.169976564189,-4098.169976564218,271.0,271.0,347.0,347.0,2.9103830456733704e-11,False
Venn Diagram,18275,0,em,30,-7389.665527174655,False,-7389.665527174655,0.7676721170000746,0.762642881656526,0.0633548536411671,0.07501210151505863,0.13166886744052067,-6315.964266945143,-6315.964266945156,,,,,1073.7012602295117,True
Venn Diagram,18275,0,squarem,19,-7389.665527170531,False,-7389.665527170528,0.48488074699980643,0.7626448502666892,0.06335427249622554,0.07501177311895364,0.1316689701193645,-6315.964266945143,-6315.964266945156,,,,,1073.7012602253844,True
Venn Diagram,18275,0,lbfgs,46,-6315.964268567951,False,-6315.964268567951,1.2455025190001834,0.10494538007159647,0.014604066326876554,0.5825275703565973,2.4649599893389436e-10,-6315.964266945143,-6315.964266945156,30.0,30.0,38.0,38.0,1.6228077583946288e-06,False
Venn Diagram,18275,0,em5+lbfgs,19,-7389.665527170566,False,-7389.665527170566,0.5043638750003083,0.7626448729296298,0.06335424053896138,0.0750118005275092,0.13166896153790078,-6315.964266945143,-6315.964266945156,,,,,1073.7012602254226,True
Venn Diagram,18275,0,nelder_mead,742,-6315.964266945156,False,-6315.964266945156,20.229147637000096,0.10494354071853804,0.014604032117541488,0.5825271197508285,2.072794270697895e-15,-6315.964266945143,-6315.964266945156,333.0,333.0,372.0,372.0,1.2732925824820995e-11,False
Venn Diagram,18275,0,de,2000,-6321.945538384229,True,-6321.945538384229,53.35907706599983,0.10910813214583036,0.014728288040947711,0.5813484513860109,0.0009110699121830633,-6315.964266945143,-6315.964266945156,,,,,5.9812714390855035,False
Venn Diagram,18275,1,em,29,-7389.665527173751,False,-7389.665527173751,0.7204605160000028,0.7626431256011603,0.06335478164461403,0.07501206076658486,0.13166888016827674,-6315.964266945143,-6315.96426694515,,,,,1073.7012602286077,True
Venn Diagram,18275,1,squarem,16,-7389.66552717049,False,-7389.66552717049,0.4033191190001162,0.7626448483761731,0.06335427271872693,0.07501177299233346,0.13166896998685618,-6315.964266945143,-6315.96426694515,,,,,1073.7012602253471,True
Venn Diagram,18275,1,lbfgs,15,-7389.665527170703,False,-7389.665527170703,0.37872348199971384,0.762644892345322,0.06335431392396262,0.07501176344505607,0.13166892245809309,-6315.964266945143,-6315.96426694515,,,,,1073.70126022556,True
Venn Diagram,18275,1,em5+lbfgs,17,-7389.66552717053,False,-7389.66552717053,0.45043157200007045,0.7626447753086238,0.06335428250722142,0.07501177906911573,0.131668969236449,-6315.964266945143,-6315.96426694515,,,,,1073.7012602253872,True
Venn Diagram,18275,1,nelder_mead,748,-6315.96426694515,False,-6315.96426694515,19.748704395000004,0.10494355373960237,0.014604032323414996,0.582527118818722,1.881296335067137e-15,-6315.964266945143,-6315.96426694515,304.0,304.0,346.0,346.0,6.366462912410498e-12,False
Venn Diagram,18275,2,em,31,-6315.96426694853,False,-6315.96426694853,0.8103348809995623,0.10494352311588154,0.014604039941298882,0.5825271062607835,5.120058448739102e-13,-6315.964266945143,-6315.964266945143,19.0,19.0,22.0,22.0,3.3869582694023848e-09,False
Venn Diagram,18275,2,squarem,32,-6315.964273480715,False,-6315.964269053958,0.9027146250000442,0.10494343718193644,0.014604071125369824,0.5825270729006062,1.0000000000000009e-09,-6315.964266945143,-6315.964266945143,15.0,15.0,17.0,17.0,2.1088144421810284e-06,False
Venn Diagram,18275,2,lbfgs,48,-6315.964266953786,False,-6315.964266953786,1.387326228999882,0.10494363524253994,0.014604064141040178,0.5825270908314871,1.2958729632957854e-12,-6315.964266945143,-6315.964266945143,28.0,28.0,35.0,35.0,8.642928150948137e-09,False
Venn Diagram,18275,2,em5+lbfgs,52,-6315.964266950317,False,-6315.964266950317,1.443606054999691,0.10494357621088679,0.014604031985630359,0.5825270903280615,7.863909707697425e-13,-6315.964266945143,-6315.964266945143,26.0,26.0,33.0,33.0,5.174115358386189e-09,False
Venn Diagram,18275,2,nelder_mead,665,-6315.964266945143,False,-6315.964266945143,18.061221386999932,0.10494355039492859,0.014604031295187567,0.5825271074609931,4.001870444083388e-16,-6315.964266945143,-6315.964266945143,237.0,237.0,289.0,289.0,0.0,False
Equation Solving Two or Fewer Steps,17311,0,em,82,-10475.048412474503,False,-10475.048412474503,0.9439866950001488,0.6386655197755141,0.03809105109612557,0.284698183470482,0.25182230634065517,-10475.048412443728,-10475.048412443728,31.0,31.0,48.0,48.0,3.0775481718592346e-08,True
Equation Solving Two or Fewer Steps,17311,0,squarem,31,-10475.048412443773,False,-10475.048412443773,0.39500989500038486,0.6386604517517517,0.0380908369439456,0.28470218370082606,0.2518210676732959,-10475.048412443728,-10475.048412443728,13.0,13.0,19.0,19.0,4.547473508864641e-11,True
Equation Solving Two or Fewer Steps,17311,0,lbfgs,20,-10475.048412443728,False,-10475.048412443728,0.23252486199999112,0.6386602272690111,0.038090831511052,0.28470233566506875,0.25182100864627105,-10475.048412443728,-10475.048412443728,12.0,12.0,17.0,17.0,0.0,True
Equation Solving Two or Fewer Steps,17311,0,em5+lbfgs,19,-10475.048412443732,False,-10475.048412443732,0.22614479099956952,0.6386602587466511,0.03809082779897716,0.2847023198629255,0.2518210181729754,-10475.048412443728,-10475.048412443728,15.0,15.0,16.0,16.0,3.637978807091713e-12,True
Equation Solving Two or Fewer Steps,17311,0,nelder_mead,320,-10475.048412443759,False,-10475.048412443759,3.8183051989999512,0.6386602125868253,0.03809081136725554,0.28470230178063155,0.25182100825575,-10475.048412443728,-10475.048412443728,186.0,186.0,205.0,205.0,3.092281986027956e-11,True
Equation Solving Two or Fewer Steps,17311,0,de,2000,-10475.048499313672,True,-10475.048499313672,23.602491756999825,0.6386039910870822,0.0381459796258215,0.284712915580835,0.2518372589827668,-10475.048412443728,-10475.048412443728,1449.0,1449.0,1915.0,1915.0,8.686994442541618e-05,True
Equation Solving Two or Fewer Steps,17311,1,em,91,-10475.04841247621,False,-10475.04841247621,1.2510100959998454,0.6386656637432124,0.03809105719439077,0.2846980700682046,0.2518223415900996,-10475.048412443728,-10475.04841244374,40.0,40.0,57.0,57.0,3.248169377911836e-08,True
Equation Solving Two or Fewer Steps,17311,1,squarem,34,-10475.04841244394,False,-10475.04841244394,0.4340598270000555,0.6386598410915202,0.03809080948010813,0.28470265726436006,0.25182091591276434,-10475.048412443728,-10475.04841244374,14.0,14.0,18.0,18.0,2.128217602148652e-10,True
Equation Solving Two or Fewer Steps,17311,1,lbfgs,17,-10475.048412443777,False,-10475.048412443777,0.24782868300007976,0.6386600240490122,0.03809084521039846,0.2847023644916989,0.25182100823864595,-10475.048412443728,-10475.04841244374,14.0,14.0,15.0,15.0,4.9112713895738125e-11,True
Equation Solving Two or Fewer Steps,17311,1,em5+lbfgs,19,-10475.04841244374,False,-10475.04841244374,0.2710547639999277,0.6386602710192343,0.038090829943094144,0.2847023147066337,0.25182102249156635,-10475.048412443728,-10475.04841244374,16.0,16.0,16.0,16.0,1.2732925824820995e-11,True
Equation Solving Two or Fewer Steps,17311,1,nelder_mead,392,-10475.04841244375,False,-10475.04841244375,4.991481890999694,0.6386603274811161,0.038090840408759985,0.2847023141701205,0.2518210438417548,-10475.048412443728,-10475.04841244374,209.0,209.0,236.0,236.0,2.1827872842550278e-11,True
Equation Solving Two or Fewer Steps,17311,2,em,80,-10475.048412475224,False,-10475.048412475224,0.9208175109997683,0.6386549730181734,0.03809060441915933,0.28470649071021725,0.251819724109754,-10475.048412443728,-10475.048412443733,29.0,29.0,46.0,46.0,3.1495801522396505e-08,True
Equation Solving Two or Fewer Steps,17311,2,squarem,34,-10475.048412443879,False,-10475.048412443879,0.3963912099998197,0.6386599141808305,0.03809081362940547,0.2847025985650351,0.25182093391163607,-10475.048412443728,-10475.048412443733,12.0,12.0,18.0,18.0,1.509761204943061e-10,True
Equation Solving Two or Fewer Steps,17311,2,lbfgs,19,-10475.048412443737,False,-10475.048412443737,0.21202027800018186,0.6386602752629178,0.0380908281448338,0.2847023132609725,0.25182102284937796,-10475.048412443728,-10475.048412443733,10.0,10.0,12.0,12.0,9.094947017729282e-12,True
Equation Solving Two or Fewer Steps,17311,2,em5+lbfgs,20,-10475.048412443739,False,-10475.048412443739,0.2358000809999794,0.6386602926869386,0.038090838259232554,0.2847022905321446,0.25182102752770014,-10475.048412443728,-10475.048412443733,12.0,12.0,14.0,14.0,1.0913936421275139e-11,True
Equation Solving Two or Fewer Steps,17311,2,nelder_mead,315,-10475.048412443733,False,-10475.048412443733,3.605698982999911,0.6386602531738393,0.03809082760198211,0.28470236159357265,0.25182100302158,-10475.048412443728,-10475.048412443733,168.0,168.0,197.0,197.0,5.4569682106375694e-12,True
Volume Cylinder,13734,0,em,15,-4068.3120067162768,False,-4068.3120067162768,0.42982858799996393,0.6693960198858163,0.011999442462868888,0.00942986218562274,0.12384806892846081,-4068.3120067146097,-4068.3120067146197,8.0,8.0,10.0,10.0,1.6671037883497775e-09,True
Volume Cylinder,13734,0,squarem,13,-4068.3120067146197,False,-4068.3120067146197,0.38643481200006136,0.6693973730048185,0.011999373569709374,0.00942983313468614,0.12384816100285773,-4068.3120067146097,-4068.3120067146197,6.0,6.0,7.0,7.0,1.000444171950221e-11,True
Volume Cylinder,13734,0,lbfgs,14,-4068.3120067146237,False,-4068.3120067146237,0.4186793730000318,0.6693973362365746,0.01199937171889196,0.009429829696010703,0.12384816232898886,-4068.3120067146097,-4068.3120067146197,10.0,10.0,11.0,11.0,1.4097167877480388e-11,True
Volume Cylinder,13734,0,em5+lbfgs,20,-4068.3120067146356,False,-4068.3120067146356,0.576367922999907,0.6693973772894137,0.011999376565632111,0.00942983125537684,0.12384816347787811,-4068.3120067146097,-4068.3120067146197,11.0,11.0,13.0,13.0,2.5920599000528455e-11,True
Volume Cylinder,13734,0,nelder_mead,346,-4068.312006714623,False,-4068.312006714623,10.105628835999596,0.6693973902044087,0.011999370433502635,0.009429829051498622,0.12384816823196514,-4068.3120067146097,-4068.3120067146197,203.0,203.0,233.0,233.0,1.318767317570746e-11,True
Volume Cylinder,13734,0,de,2000,-4068.3120084318693,True,-4068.3120084318693,59.59194394199994,0.6694438619748911,0.011997575913003083,0.009430111377357666,0.12385167719556898,-4068.3120067146097,-4068.3120067146197,1101.0,1101.0,1547.0,1547.0,1.7172596926684491e-06,True
Volume Cylinder,13734,1,em,15,-4068.312006715875,False,-4068.312006715875,0.45342944799995166,0.669396203536921,0.011999433115546795,0.009429858241624841,0.12384808142392009,-4068.3120067146097,-4068.3120067146097,7.0,7.0,9.0,9.0,1.2655618775170296e-09,True
Volume Cylinder,13734,1,squarem,13,-4068.312006714626,False,-4068.3120067146097,0.3970895699999346,0.669397374631939,0.011999373503140093,0.009429833103106397,0.12384816109949068,-4068.3120067146097,-4068.3120067146097,6.0,6.0,6.0,6.0,0.0,True
Volume Cylinder,13734,1,lbfgs,17,-4068.3120067146233,False,-4068.3120067146233,0.5013981409997541,0.6693973596289406,0.01199937368438849,0.009429830814280591,0.12384815514939468,-4068.3120067146097,-4068.3120067146097,11.0,11.0,14.0,14.0,1.3642420526593924e-11,True
Volume Cylinder,13734,1,em5+lbfgs,20,-4068.3120067146324,False,-4068.3120067146324,0.5792624840000826,0.6693973769410488,0.011999376070145874,0.009429831497365334,0.1238481631060823,-4068.3120067146097,-4068.3120067146097,11.0,11.0,12.0,12.0,2.2737367544323206e-11,True
Volume Cylinder,13734,1,nelder_mead,341,-4068.3120067146237,False,-4068.3120067146237,9.973784755999986,0.6693973381500486,0.011999365766349955,0.009429836945964127,0.12384816954966214,-4068.3120067146097,-4068.3120067146097,196.0,196.0,222.0,222.0,1.4097167877480388e-11,True
Volume Cylinder,13734,2,em,17,-4068.3120067149903,False,-4068.3120067149903,0.49099372799992125,0.6693967373789244,0.011999405935920342,0.00942984679724446,0.12384811773475707,-4068.3120067146097,-4068.312006714618,9.0,9.0,11.0,11.0,3.8062353269197047e-10,True
Volume Cylinder,13734,2,squarem,13,-4068.312006714627,False,-4068.312006714618,0.3655301310000141,0.6693973739147394,0.011999373472398326,0.009429833361264362,0.12384816088343896,-4068.3120067146097,-4068.312006714618,7.0,7.0,9.0,9.0,8.185452315956354e-12,True
Volume Cylinder,13734,2,lbfgs,16,-4317.371442219419,False,-4317.371442219419,0.4493289080000977,0.5484210288385336,0.01236899160549306,0.09119631398367445,0.07452144905141612,-4068.3120067146097,-4068.312006714618,,,,,249.05943550480924,True
Volume Cylinder,13734,2,em5+lbfgs,20,-4068.3120067146215,False,-4068.3120067146215,0.5694761289996677,0.6693973612100156,0.011999377647900551,0.009429830883125686,0.12384816361312165,-4068.3120067146097,-4068.312006714618,12.0,12.0,15.0,15.0,1.1823431123048067e-11,True
Volume Cylinder,13734,2,nelder_mead,288,-4068.3120067146197,False,-4068.3120067146197,8.450121832999685,0.6693973864542078,0.011999370193776433,0.009429831397321719,0.1238481638231095,-4068.3120067146097,-4068.312006714618,123.0,123.0,156.0,156.0,1.000444171950221e-11,True
Multiplication and Division Integers,12975,0,em,30,-6567.812441141119,False,-6567.812441141119,5.710155890999886,0.9682271919126023,0.01636481403993687,1.4415487864188553e-11,0.21620424085706416,-6101.467115042252,-6101.467115042252,,,,,466.3453260988672,True
Multiplication and Division Integers,12975,0,squarem,24,-6567.8124415428165,False,-6567.812441303427,4.730713610999828,0.9682271919210659,0.016364813961414294,1.0000000000000009e-09,0.21620424084419373,-6101.467115042252,-6101.467115042252,,,,,466.3453262611747,True
Multiplication and Division Integers,12975,0,lbfgs,51,-6567.812441139326,False,-6567.812441139326,10.026380346999758,0.9682272039521411,0.016364828344767397,9.404611813594049e-12,0.21620422884215668,-6101.467115042252,-6101.467115042252,,,,,466.3453260970746,True
Multiplication and Division Integers,12975,0,em5+lbfgs,52,-6567.81244235959,False,-6567.81244235959,9.994065065000086,0.968227181336376,0.01636472023264944,2.999050950233833e-09,0.21620407461286495,-6101.467115042252,-6101.467115042252,,,,,466.34532731733816,True
Multiplication and Division Integers,12975,0,nelder_mead,566,-6567.812441135958,False,-6567.812441135958,107.86215210699993,0.9682271785687325,0.016364885261524475,2.8606265548381517e-12,0.21620424202832866,-6101.467115042252,-6101.467115042252,,,,,466.3453260937058,True
Multiplication and Division Integers,12975,0,de,2000,-6101.467115042252,True,-6101.467115042252,381.7595626309999,0.7567068402816889,0.002502581708931476,0.513281531491794,0.061437638485845034,-6101.467115042252,-6101.467115042252,1380.0,1380.0,1610.0,1610.0,0.0,False
Multiplication and Division Integers,12975,1,em,29,-6567.812441139662,False,-6567.812441139662,5.5033896700001605,0.9682271919154729,0.016364814038635513,1.1309761031338058e-11,0.21620424085780432,-6101.467115042252,-6567.812441136801,,14.0,,18.0,466.3453260974102,True
Multiplication and Division Integers,12975,1,squarem,24,-6567.812441543902,False,-6567.812441304645,4.475184730999899,0.9682271918700551,0.016364814011499335,1.0000000000000009e-09,0.21620424083593892,-6101.467115042252,-6567.812441136801,,12.0,,15.0,466.3453262623934,True
Multiplication and Division Integers,12975,1,lbfgs,51,-6567.8124412430325,False,-6567.8124412430325,9.61688627600006,0.9682272010654687,0.016364952112198874,2.57629138992446e-10,0.21620445341971045,-6101.467115042252,-6567.812441136801,,25.0,,34.0,466.3453262007806,True
Multiplication and Division Integers,12975,1,em5+lbfgs,56,-6567.812441228544,False,-6567.812441228544,10.532820418000028,0.9682272085229517,0.016365308642351015,2.180917715896842e-10,0.21620427777305454,-6101.467115042252,-6567.812441136801,,34.0,,42.0,466.34532618629237,True
Multiplication and Division Integers,12975,1,nelder_mead,646,-6567.812441136801,False,-6567.812441136801,125.62811476800016,0.9682271399753651,0.016364974114641884,3.798389699650513e-12,0.2162041992425919,-6101.467115042252,-6567.812441136801,,208.0,,261.0,466.3453260945489,True
Multiplication and Division Integers,12975,2,em,30,-6567.812441139732,False,-6567.812441139732,5.720173673000318,0.9682271919155937,0.016364814038505187,1.1352548622385424e-11,0.2162042408578195,-6101.467115042252,-6567.812441135226,,15.0,,19.0,466.3453260974802,True
Multiplication and Division Integers,12975,2,squarem,24,-6567.812441542864,False,-6567.812441304581,4.471344239000246,0.9682271918958588,0.016364813986885295,1.0000000000000009e-09,0.21620424084008086,-6101.467115042252,-6567.812441135226,,12.0,,16.0,466.34532626232885,True
Multiplication and Division Integers,12975,2,lbfgs,47,-6567.8124411543085,False,-6567.8124411543085,8.944078657000318,0.9682264707472981,0.016365154686923747,2.4351847845987134e-11,0.21620442266052642,-6101.467115042252,-6567.812441135226,,22.0,,30.0,466.3453261120567,True
Multiplication and Division Integers,12975,2,em5+lbfgs,50,-6567.812443670517,False,-6567.812443670517,9.664675431999967,0.9682271873770056,0.016364815030216452,6.21581926752942e-09,0.21620424080596332,-6101.467115042252,-6567.812441135226,,31.0,,39.0,466.3453286282647,True
Multiplication and Division Integers,12975,2,nelder_mead,593,-6567.812441135226,False,-6567.812441135226,114.25068656500025,0.9682271137109694,0.016364796548002377,4.847577634485212e-13,0.21620421624986075,-6101.467115042252,-6567.812441135226,,212.0,,272.0,466.3453260929746,True
