skill,seed,method,esteps,ll,best_seen,prior,learn,guess,slip,start_best,to_start_best_0.005,gap_to_start_best
Percent Of,0,bfgs,85,-10472.191446231729,-10472.191446231729,0.05795142330638071,0.01279111159488793,0.5356610759462337,0.0005628185238255302,-10472.191446231696,80.0,3.2741809263825417e-11
Percent Of,0,lbfgs_scaled,39,-10472.19144623172,-10472.19144623172,0.05795142576668714,0.01279111122702666,0.5356610761210046,0.0005628184629819345,-10472.191446231696,32.0,2.3646862246096134e-11
Percent Of,1,bfgs,74,-10472.191446231693,-10472.191446231693,0.057951425658443356,0.012791111239323494,0.5356610760620646,0.000562818480175698,-10472.191446231684,68.0,9.094947017729282e-12
Percent Of,1,lbfgs_scaled,67,-10472.191446231747,-10472.191446231747,0.057951427762006416,0.012791111101209604,0.5356610811787305,0.0005628183177579675,-10472.191446231684,48.0,6.366462912410498e-11
Percent Of,2,bfgs,48,-10472.19144623176,-10472.19144623176,0.05795142308870134,0.012791111492963287,0.5356610756297648,0.0005628183518592276,-10472.191446231687,44.0,7.275957614183426e-11
Percent Of,2,lbfgs_scaled,30,-10472.191446231729,-10472.191446231729,0.05795142652333423,0.012791111025769809,0.5356610755580812,0.0005628183992880834,-10472.191446231687,24.0,4.18367562815547e-11
Addition and Subtraction Integers,0,bfgs,34,-11475.687035665003,-11475.687035665003,0.5366705328548272,0.006031527410079428,0.4400387625254426,0.07766964927234123,-11475.687035664656,30.0,3.474269760772586e-10
Addition and Subtraction Integers,0,lbfgs_scaled,70,-11475.68703566479,-11475.687035664789,0.5366705144674646,0.006031514061011086,0.44003877321972135,0.07766966480134428,-11475.687035664656,18.0,1.3278622645884752e-10
Addition and Subtraction Integers,1,bfgs,43,-11475.687035665936,-11475.687035665936,0.536670516096236,0.0060315277420029765,0.44003876318602647,0.0776696503551773,-11475.687035664458,35.0,1.4788383850827813e-09
Addition and Subtraction Integers,1,lbfgs_scaled,28,-11475.687035664996,-11475.687035664996,0.5366705167149792,0.0060315271767035165,0.4400387638613724,0.07766965043335476,-11475.687035664458,22.0,5.384208634495735e-10
Addition and Subtraction Integers,2,bfgs,35,-11475.687035664472,-11475.687035664472,0.5366705043068667,0.006031527222216426,0.44003876570633127,0.07766965204920138,-11475.687035664472,20.0,0.0
Addition and Subtraction Integers,2,lbfgs_scaled,16,-11475.68703566487,-11475.68703566487,0.5366705171133267,0.006031527148845986,0.44003876380252754,0.07766965064823929,-11475.687035664472,11.0,3.9835867937654257e-10
Conversion of Fraction Decimals Percents,0,bfgs,32,-12611.386413835104,-12611.386413835104,0.6018225644603257,0.012711450774969704,0.4089717525770125,0.18443943635819823,-12611.386413834967,28.0,1.3642420526593924e-10
Conversion of Fraction Decimals Percents,0,lbfgs_scaled,26,-12611.386413834987,-12611.38641383497,0.6018225573243496,0.012711450753450104,0.4089717534080288,0.18443943640522134,-12611.386413834967,13.0,3.637978807091713e-12
Conversion of Fraction Decimals Percents,1,bfgs,74,-12611.38641383512,-12611.386413834864,0.60182257037997,0.012711453721139541,0.40897174273050035,0.1844394329707528,-12611.386413834864,40.0,0.0
Conversion of Fraction Decimals Percents,1,lbfgs_scaled,26,-12611.386413834987,-12611.386413834985,0.6018225595223452,0.012711450866425906,0.4089717527725401,0.18443943656066827,-12611.386413834864,20.0,1.2187229003757238e-10
Conversion of Fraction Decimals Percents,2,bfgs,106,-12611.38641383502,-12611.386413834902,0.6018225662821999,0.012711450339570395,0.408971756711213,0.18443943774981866,-12611.3864138349,29.0,1.8189894035458565e-12
Conversion of Fraction Decimals Percents,2,lbfgs_scaled,17,-12611.386413835015,-12611.386413835015,0.6018225596675004,0.012711450872871236,0.40897175278932674,0.1844394366196226,-12611.3864138349,12.0,1.1459633242338896e-10
Volume Rectangular Prism,0,bfgs,83,-4098.1699765668445,-4098.1699765668445,0.6478566592631637,0.003100405559545171,0.5883732193016427,2.188834487227962e-13,-4098.169976564189,62.0,2.6557245291769505e-09
Volume Rectangular Prism,0,lbfgs_scaled,76,-4098.169976564461,-4098.169976564461,0.6478566474373851,0.0031004059581032067,0.5883732035942207,2.395711051271088e-14,-4098.169976564189,43.0,2.7193891583010554e-10
Volume Rectangular Prism,1,bfgs,75,-4152.913263348762,-4152.913263348762,0.6977249024918538,0.0037501446250936,0.5477664828286,0.005284749835467806,-4098.169976564208,,54.743286784553675
Volume Rectangular Prism,1,lbfgs_scaled,39,-4152.913263348815,-4152.913263348815,0.6977249004539062,0.003750144614308981,0.5477664829353353,0.005284749803522867,-4098.169976564208,,54.743286784607335
Volume Rectangular Prism,2,bfgs,59,-4152.91326334877,-4152.91326334877,0.6977249057970197,0.003750144449311989,0.5477664832215257,0.005284749698871539,-4098.169976564218,,54.743286784551856
Volume Rectangular Prism,2,lbfgs_scaled,23,-4152.913263348762,-4152.913263348762,0.6977249017549385,0.003750144622262255,0.5477664830499406,0.005284749806595337,-4098.169976564218,,54.74328678454367
Venn Diagram,0,bfgs,78,-6315.964266945321,-6315.964266945321,0.10494356495955201,0.014604033317450991,0.5825271145540705,2.646613462077709e-14,-6315.964266945156,52.0,1.646185410209e-10
Venn Diagram,0,lbfgs_scaled,72,-6315.964266945179,-6315.96426694518,0.10494355042898906,0.014604031794978194,0.5825271130936306,5.3017643746217085e-15,-6315.964266945156,30.0,2.3646862246096134e-11
Venn Diagram,1,bfgs,37,-7389.665527170502,-7389.665527170502,0.7626448466002802,0.06335426383883007,0.07501176582774459,0.13166897133980174,-6315.96426694515,,1073.7012602253526
Venn Diagram,1,lbfgs_scaled,16,-7389.665527170548,-7389.665527170548,0.7626448493846824,0.06335427341463004,0.07501177134368901,0.1316689701475651,-6315.96426694515,,1073.701260225398
Venn Diagram,2,bfgs,74,-6315.96426694691,-6315.964266946911,0.10494353806168259,0.014604032294444968,0.5825271125174268,2.7064723427782837e-13,-6315.964266945143,52.0,1.7680577002465725e-09
Venn Diagram,2,lbfgs_scaled,54,-6315.964266945631,-6315.964266945631,0.10494358200414135,0.014604034288650395,0.5825270988996487,7.441872223184559e-14,-6315.964266945143,28.0,4.874891601502895e-10
Equation Solving Two or Fewer Steps,0,bfgs,37,-10475.04841244373,-10475.04841244373,0.638660276790738,0.03809082902766324,0.284702313258964,0.2518210226291234,-10475.048412443728,30.0,1.8189894035458565e-12
Equation Solving Two or Fewer Steps,0,lbfgs_scaled,42,-10475.048412443728,-10475.048412443728,0.6386602272690135,0.03809083151105179,0.284702335665068,0.2518210086462721,-10475.048412443728,12.0,0.0
Equation Solving Two or Fewer Steps,1,bfgs,37,-10475.048412443732,-10475.048412443732,0.6386602688379726,0.0380908270510018,0.2847023205925457,0.2518210191983214,-10475.048412443728,33.0,3.637978807091713e-12
Equation Solving Two or Fewer Steps,1,lbfgs_scaled,19,-10475.048412443728,-10475.048412443728,0.6386602777367043,0.03809082972275528,0.2847023129714431,0.2518210230105512,-10475.048412443728,14.0,0.0
Equation Solving Two or Fewer Steps,2,bfgs,36,-10475.048412443735,-10475.048412443735,0.6386602701362935,0.03809082978766198,0.28470231381375655,0.2518210228096918,-10475.048412443728,30.0,7.275957614183426e-12
Equation Solving Two or Fewer Steps,2,lbfgs_scaled,22,-10475.048412443733,-10475.048412443728,0.6386602759690502,0.03809082857897485,0.2847023133096754,0.2518210227334412,-10475.048412443728,10.0,0.0
Volume Cylinder,0,bfgs,39,-4068.3120067146265,-4068.312006714626,0.669397373866203,0.01199937341158395,0.009429833154753783,0.12384816087452642,-4068.3120067145965,34.0,2.955857780762017e-11
Volume Cylinder,0,lbfgs_scaled,38,-4068.3120067145965,-4068.3120067145965,0.669397365725452,0.011999373764330891,0.009429832626695648,0.12384816159470637,-4068.3120067145965,10.0,0.0
Volume Cylinder,1,bfgs,39,-4068.312006714602,-4068.312006714602,0.6693973800166597,0.011999373265781044,0.009429832355899321,0.12384816136157589,-4068.312006714602,34.0,0.0
Volume Cylinder,1,lbfgs_scaled,19,-4068.312006714618,-4068.3120067146106,0.6693973769703501,0.011999374456815008,0.009429832820668114,0.12384816074118438,-4068.312006714602,11.0,8.640199666842818e-12
Volume Cylinder,2,bfgs,37,-4317.37144221939,-4317.37144221939,0.5484210739964299,0.01236897641988374,0.09119630219788794,0.07452145573066907,-4068.312006714618,,249.05943550477195
Volume Cylinder,2,lbfgs_scaled,17,-4317.371442219411,-4317.371442219411,0.5484209866306923,0.012368972340125333,0.09119629151064015,0.07452145757561947,-4068.312006714618,,249.05943550479287
Multiplication and Division Integers,0,bfgs,75,-6567.812441135682,-6567.812441135682,0.9682271922510101,0.016364813599380947,7.826712988896008e-13,0.21620424168651,-6101.467115042252,,466.34532609343023
Multiplication and Division Integers,0,lbfgs_scaled,112,-6567.812441135305,-6567.812441135304,0.9682272038567973,0.016364803636621482,1.0114734688772442e-12,0.21620424107603786,-6101.467115042252,,466.3453260930519
Multiplication and Division Integers,1,bfgs,132,-6567.812441135682,-6567.812441135602,0.9682272018753324,0.01636479938502671,1.5573232297352095e-12,0.216204234964575,-6567.812441135546,50.0,5.638867150992155e-11
Multiplication and Division Integers,1,lbfgs_scaled,68,-6567.812441135547,-6567.812441135546,0.9682271920105121,0.016364814038527267,1.061008984941713e-12,0.2162042408478255,-6567.812441135546,25.0,0.0
Multiplication and Division Integers,2,bfgs,70,-6567.812441135848,-6567.812441135848,0.968227193719311,0.0163648138401607,7.897506006547984e-13,0.21620424118000725,-6567.812441135226,46.0,6.2118488131091e-10
Multiplication and Division Integers,2,lbfgs_scaled,68,-6567.812441138094,-6567.812441138094,0.9682272713657336,0.01636477793219527,6.5155526338200495e-12,0.21620421817023344,-6567.812441135226,22.0,2.8676367946900427e-09
