skill,seed,method,esteps,ll,seconds,prior,learn,guess,slip
Percent Of,0,plain_em,43,-10472.191484772806,9.616607937000026,0.05797508733828233,0.012796938407475037,0.5356453103852983,0.0005654965823652716
Percent Of,0,squarem,31,-10472.191446231755,6.791780266999922,0.057951436015355955,0.012791107822086168,0.5356610801486813,0.0005628178395344153
Percent Of,1,plain_em,50,-10472.191479565634,10.99838439999985,0.057973266455402156,0.012796559421151021,0.5356463984506943,0.0005653064534234924
Percent Of,1,squarem,32,-10472.191446231765,7.609546111000327,0.057951437485611004,0.012791106651292228,0.5356610828505589,0.0005628169572833478
Percent Of,2,plain_em,24,-10472.19146833333,5.518058197999835,0.057968774699533855,0.012795622843900989,0.5356490849589202,0.0005648375095772629
Percent Of,2,squarem,19,-10472.191446232804,4.163639839000098,0.05795116561540738,0.01279110117209314,0.535661146911195,0.0005628049864020033
Addition and Subtraction Integers,0,plain_em,20,-11475.687059479393,25.28082841100013,0.5367866072363313,0.006030676511239285,0.44001462141925307,0.07768339428303968
Addition and Subtraction Integers,0,squarem,16,-11475.687035665602,19.624903615999756,0.5366705152111442,0.00603152705679161,0.44003876402810405,0.07766965031881287
Addition and Subtraction Integers,1,plain_em,20,-11475.687086860476,24.26764390499966,0.5368415864291319,0.006029183674005943,0.4400053740744496,0.07768984301145405
Addition and Subtraction Integers,1,squarem,19,-11475.687035665618,24.50912016800021,0.5366704649078944,0.006031523057916527,0.4400387880576476,0.07766964024652806
Addition and Subtraction Integers,2,plain_em,18,-11475.6870693093,23.371401959000195,0.5368037504644976,0.006032237665618435,0.4400076583599374,0.077685532151224
Addition and Subtraction Integers,2,squarem,16,-11475.687035665607,19.99236569200002,0.5366704674008931,0.0060315245552302315,0.4400387736549611,0.07766964980059535
Conversion of Fraction Decimals Percents,0,plain_em,26,-12611.386541448523,9.470967686000222,0.6021090408846338,0.012695725830779023,0.40891215117525204,0.18450322708126046
Conversion of Fraction Decimals Percents,0,squarem,19,-12611.386413835242,7.355811585000083,0.6018225644414191,0.012711466759128317,0.4089717012404425,0.18443946083173302
Conversion of Fraction Decimals Percents,1,plain_em,28,-12611.3865450425,10.647334898999816,0.602112982116814,0.012695419139092877,0.40891154771595434,0.18450404756403405
Conversion of Fraction Decimals Percents,1,squarem,19,-12611.386413836035,7.234020734999831,0.6018225316317943,0.012711429088466515,0.40897171437164614,0.18443961947589924
Conversion of Fraction Decimals Percents,2,plain_em,19,-12611.386532625578,6.846517007999864,0.6020991974523019,0.012698755012835936,0.4089082366638009,0.18450260993133857
Conversion of Fraction Decimals Percents,2,squarem,16,-12611.386413849734,5.757287975000054,0.6018250421577162,0.012711275355429659,0.40897110523491204,0.18444019555098334
Volume Rectangular Prism,0,plain_em,29,-4152.913273446768,2.4757913720000033,0.6978634816457098,0.003750015633649704,0.5477574656266125,0.0052857833507142455
Volume Rectangular Prism,0,squarem,26,-4098.16998952319,2.300622389000182,0.6478913112407336,0.0031003890785730407,0.5883719127348139,1.0000000000000009e-09
Volume Rectangular Prism,1,plain_em,30,-4152.913274015989,2.698828114999742,0.69786732885788,0.0037500120404030716,0.5477572136550753,0.005285812391019221
Volume Rectangular Prism,1,squarem,25,-4152.9132633488225,2.226720163000209,0.6977249512067151,0.0037501445764997355,0.5477664798822516,0.00528475017152828
Volume Rectangular Prism,2,plain_em,29,-4152.913272655734,2.4860926820001623,0.697857949867895,0.003750020798936269,0.5477578277482792,0.005285741632881674
Volume Rectangular Prism,2,squarem,25,-4152.913263348823,2.298790542000006,0.6977248428169709,0.0037501446772912057,0.5477664868755755,0.0052847493718213255
Venn Diagram,0,plain_em,19,-7389.66557540131,1.479374979000113,0.7624331789620177,0.06341665160105242,0.07504742295024393,0.1316579081291651
Venn Diagram,0,squarem,16,-7389.665527170529,1.038611843000126,0.7626448550252336,0.06335426937969768,0.07501177133622669,0.13166897014484263
Venn Diagram,1,plain_em,18,-7389.665564181716,1.192803463999553,0.7624593102174829,0.06340906146442549,0.07504265083056284,0.13165930030791625
Venn Diagram,1,squarem,13,-7389.665527170844,0.974221481999848,0.7626447384539385,0.06335433745040114,0.07501156110256393,0.13166897635241384
Venn Diagram,2,plain_em,23,-6315.964295741161,1.5321630470002674,0.10494037948990738,0.014605271617813347,0.5825257561338406,4.3701576076225316e-09
Venn Diagram,2,squarem,20,-6315.964273947846,1.2177065000000766,0.10493799574528305,0.014605755834146849,0.5825253808022444,1.0000000000000009e-09
Equation Solving Two or Fewer Steps,0,plain_em,42,-10475.048768557444,1.0836252899998726,0.6392240577419489,0.03811490271802789,0.284257214004895,0.2519592450258976
Equation Solving Two or Fewer Steps,0,squarem,22,-10475.048412746859,0.5478177529998902,0.6386788488538885,0.038090639426488125,0.284690418963501,0.2518249931913034
Equation Solving Two or Fewer Steps,1,plain_em,51,-10475.04878828698,1.2295815900001799,0.6392394574950861,0.0381155653402694,0.2842450283140099,0.25196302559694966
Equation Solving Two or Fewer Steps,1,squarem,22,-10475.048415840261,0.5557331800000611,0.6386066793650884,0.038087609931174445,0.2847459022863211,0.2518077419065529
Equation Solving Two or Fewer Steps,2,plain_em,40,-10475.048783612854,0.9792677749996983,0.6380840787704839,0.03806662505790849,0.285155103364959,0.2516801410906505
Equation Solving Two or Fewer Steps,2,squarem,22,-10475.048420830648,0.5376198009998916,0.6385719787296592,0.038086821412315716,0.2847696476110349,0.2517997208201427
Volume Cylinder,0,plain_em,11,-4068.312009744016,0.47167471400007344,0.6693396884954376,0.01200231340891456,0.00943106291469043,0.12384424172973425
Volume Cylinder,0,squarem,10,-4068.3120067147365,0.4324298340002315,0.6693977118138453,0.011999354978366034,0.00942982540355054,0.12384818552229813
Volume Cylinder,1,plain_em,10,-4068.3120214875894,0.45703074999983073,0.6692699403880329,0.012005877785517562,0.009432526990311985,0.12383951700206784
Volume Cylinder,1,squarem,10,-4068.312006714628,0.4340428659997997,0.6693973658962914,0.011999369704368134,0.009429830457240797,0.1238481660202023
Volume Cylinder,2,plain_em,12,-4068.312011079859,0.5030915669999558,0.669328173760286,0.012002889564493345,0.009431333455543454,0.12384344538118952
Volume Cylinder,2,squarem,13,-4068.3120067146237,0.5579654529997242,0.6693973739147404,0.011999373472398338,0.009429833361264272,0.12384816088343958
Multiplication and Division Integers,0,plain_em,4,-6745.837205584451,4.907919200999913,0.7754076161854502,0.13547425215882847,0.15039206165734173,0.19803018711590112
Multiplication and Division Integers,0,squarem,7,-6745.837205584448,7.839648928000315,0.7754076161854498,0.13547425215882863,0.1503920616573418,0.19803018711590106
Multiplication and Division Integers,1,plain_em,2,-7452.206630723554,2.640897060000043,0.2793621025864157,0.30211357270475536,0.05003431244520347,0.14069977178955193
Multiplication and Division Integers,1,squarem,4,-7452.206630723554,4.886333900999944,0.2793621025864157,0.30211357270475536,0.05003431244520346,0.14069977178955193
Multiplication and Division Integers,2,plain_em,2,-7287.951695483112,2.4062744109996856,0.28979719617810207,0.05907418113976197,0.21489874336361275,0.18059671778548309
Multiplication and Division Integers,2,squarem,4,-7287.951695483112,4.822396277999815,0.28979719617810207,0.05907418113976196,0.21489874336361275,0.18059671778548309
Area Rectangle,0,plain_em,15,-1493.4635864859574,0.4254679760001636,0.902874731627238,0.014611839381600345,1.5763846676658072e-08,0.024460117013328897
Area Rectangle,0,squarem,17,-1493.4635732791862,0.4830390619999889,0.9028747106411887,0.014611854535519333,1.0000000000000009e-09,0.02446011660933684
Area Rectangle,1,plain_em,11,-1493.4635782584082,0.320408020999821,0.9028747350234204,0.014611845649396278,6.566274429998853e-09,0.024460117234951787
Area Rectangle,1,squarem,14,-1493.4635732791835,0.3995640339999227,0.902874740555857,0.014611849579506528,1.0000000000000009e-09,0.024460117483463408
Area Rectangle,2,plain_em,16,-1493.4635789179129,0.48550027999999656,0.9028747367119653,0.014611844822149368,7.3035344923944664e-09,0.024460117274481392
Area Rectangle,2,squarem,17,-1493.4635732797713,0.48783198099999936,0.9028742143963222,0.014611936633113956,1.0000000000000009e-09,0.024460102106671353
Addition and Subtraction Fractions,0,plain_em,28,-6075.1658845998445,1.4709473699999762,0.7557463248439925,0.08669190593823131,0.1131628663946644,0.19490866083637515
Addition and Subtraction Fractions,0,squarem,16,-6075.165800641107,0.8330566839999847,0.7559404335032508,0.08663869793344572,0.11305811471718939,0.19495312285274677
Addition and Subtraction Fractions,1,plain_em,25,-6075.165896706539,1.4106081820000327,0.7557324739304352,0.08669609736423459,0.11316970292507125,0.19490560966415757
Addition and Subtraction Fractions,1,squarem,13,-6075.165801023871,0.7021117720000802,0.7559285793775764,0.08664518235404538,0.11305581068427932,0.19495139273549564
Addition and Subtraction Fractions,2,plain_em,28,-6075.165886813408,1.5116194819997872,0.7557438509409878,0.08669251955044463,0.11316433407088644,0.19490808254621514
Addition and Subtraction Fractions,2,squarem,16,-6075.165800687725,0.7871597600001223,0.7559443726786893,0.08663778234658011,0.11305447080786349,0.19495374304322446
Area Triangle,0,plain_em,6,-1529.6264502702682,0.11887378700021145,0.8338063896065395,0.014487578216634852,0.11704732642658436,0.021380003684763182
Area Triangle,0,squarem,10,-1529.6264500929217,0.20441706199972032,0.8338238319406298,0.014487412419803556,0.1170454468859241,0.02138015588462507
Area Triangle,1,plain_em,7,-1580.570881511037,0.13431889500043326,0.8652855213184685,0.016299894140994906,2.16889156615572e-09,0.033020645612661784
Area Triangle,1,squarem,14,-1580.5708805897957,0.27711806200022693,0.865286012232792,0.016299878892118896,1.0000000000000009e-09,0.03302065367173686
Area Triangle,2,plain_em,6,-1529.6264506822095,0.12177426700009164,0.8337920677664657,0.01448770506700997,0.11704891908706944,0.021379880108028375
Area Triangle,2,squarem,10,-1529.626450092922,0.19949686700010716,0.8338238319975328,0.014487412419264765,0.11704544687974465,0.02138015588512038
Proportion,0,plain_em,58,-5417.996324072516,0.8095471460001136,0.5079697405914675,0.04107201675501335,0.37925896548851684,0.16891316311250584
Proportion,0,squarem,25,-5417.99579047091,0.34659631999966223,0.5070637423034491,0.04100854513388317,0.37981569681850924,0.16853497659174538
Proportion,1,plain_em,62,-5417.996251647663,0.8598713770002178,0.5079064260145898,0.04106743835367836,0.3792981608285496,0.1688866155206552
Proportion,1,squarem,25,-5417.995791930478,0.37785790799989627,0.5071204474897014,0.04100909446777444,0.3797879573164174,0.1685551212026731
Proportion,2,plain_em,52,-5417.996283278993,0.7220308870000736,0.507934649582282,0.04106947938471828,0.3792806888125094,0.1688984502793899
Proportion,2,squarem,22,-5417.995790407261,0.3044784539997636,0.5070691046216412,0.04100738885483572,0.3798150416641117,0.16853579584301115
Ordering Fractions,0,plain_em,30,-3932.5804723724095,0.29997406800021054,0.6287403369834773,0.06247605996173996,0.5153317491584529,0.06761605060160512
Ordering Fractions,0,squarem,19,-3932.5803710747173,0.1890890230001787,0.628502786032781,0.06244682078829317,0.5155008286421178,0.06755977533922332
Ordering Fractions,1,plain_em,32,-3932.5804597885644,0.3168247460002931,0.6287258456343119,0.06247377846452313,0.5153428436411244,0.0676124952157412
Ordering Fractions,1,squarem,19,-3932.580371087991,0.18057706599984158,0.6284991120118738,0.062447178945811956,0.515502137709756,0.06755909946174928
Ordering Fractions,2,plain_em,28,-3932.5805132739997,0.3472221150000223,0.6287843360582487,0.06248144207823361,0.5153004833452995,0.06762647416218258
Ordering Fractions,2,squarem,13,-3932.5803713696623,0.13822920400025396,0.6285157580041392,0.06244824780234167,0.5154920233026252,0.06756275293828766
Finding Percents,0,plain_em,18,-4187.830443332655,0.26571973899990553,0.3939037872168539,0.08613373036134704,0.1201913474430915,0.19590738156257498
Finding Percents,0,squarem,13,-4187.830363764308,0.19620821500029706,0.3941137397485184,0.08612442826782063,0.12010558106710678,0.19597966927484423
Finding Percents,1,plain_em,18,-4187.8304661088805,0.2902864510001564,0.3943886452832476,0.08611293956875217,0.1199916456894425,0.1960747784776535
Finding Percents,1,squarem,13,-4187.830363252069,0.18709423100017375,0.3941321397979302,0.08612333808092236,0.1200982862667475,0.19598574256562667
Finding Percents,2,plain_em,21,-4187.830458437876,0.3234340939998219,0.393884257180533,0.08613420764014622,0.12020012046460342,0.19590029144205243
Finding Percents,2,squarem,13,-4187.830363259405,0.2201809780003714,0.39413467957546117,0.08612332552027514,0.12009727068449322,0.19598658299153424
Probability of Two Distinct Events,0,plain_em,28,-5004.749172465146,0.29858643999978085,0.5904623434486167,0.02296154809320206,0.27883552899785086,0.39072817244934993
Probability of Two Distinct Events,0,squarem,22,-5004.748814235233,0.23690209699998377,0.5915485681220275,0.022955192135770915,0.2784428204346274,0.3909811460131604
Probability of Two Distinct Events,1,plain_em,40,-5004.749178863167,0.42385592099981295,0.5927921249378061,0.022982626495545073,0.2779157498905371,0.39129791451334955
Probability of Two Distinct Events,1,squarem,19,-5004.748811757332,0.25602344899971285,0.5917317643607749,0.022959118280125607,0.27836727944782974,0.3910276465710635
Probability of Two Distinct Events,2,plain_em,50,-5004.749206325578,0.5092886259999432,0.5904891192179218,0.02293323253522469,0.2788914125230172,0.3907120221183346
Probability of Two Distinct Events,2,squarem,22,-5004.748810555195,0.21266764900019552,0.5916815850023295,0.022958359173939305,0.2783880131774651,0.391014920739685
