skill,tol,seed,method,esteps,ll,gs,prior,learn,guess,slip
Percent Of,0.0001,0,plain,43,-10472.191484772806,0.5362108069676635,0.05797508733828233,0.012796938407475037,0.5356453103852983,0.0005654965823652716
Percent Of,0.0001,0,squarem,31,-10472.191446231755,0.5362238979882157,0.057951436015355955,0.012791107822086168,0.5356610801486813,0.0005628178395344153
Percent Of,0.0001,1,plain,50,-10472.191479565634,0.5362117049041177,0.057973266455402156,0.012796559421151021,0.5356463984506943,0.0005653064534234924
Percent Of,0.0001,1,squarem,32,-10472.191446231765,0.5362238998078422,0.057951437485611004,0.012791106651292228,0.5356610828505589,0.0005628169572833478
Percent Of,1e-06,0,plain,47,-10472.191446569062,0.5362226249410931,0.057953170003382605,0.012791734578676802,0.5356595638052372,0.0005630611358558789
Percent Of,1e-06,0,squarem,31,-10472.191446231755,0.5362238979882157,0.057951436015355955,0.012791107822086168,0.5356610801486813,0.0005628178395344153
Percent Of,1e-06,1,plain,54,-10472.191446523797,0.5362227119738578,0.05795303376383853,0.012791693601981301,0.5356596679728621,0.0005630440009956938
Percent Of,1e-06,1,squarem,32,-10472.191446231765,0.5362238998078422,0.057951437485611004,0.012791106651292228,0.5356610828505589,0.0005628169572833478
Percent Of,1e-08,0,plain,51,-10472.191446234787,0.5362237710853802,0.057951549069248535,0.012791176734747547,0.5356609303980064,0.000562840687373756
Percent Of,1e-08,0,squarem,34,-10472.191446231749,0.5362238945526947,0.05795142593638921,0.01279111122748091,0.5356610760959141,0.0005628184567805823
Percent Of,1e-08,1,plain,58,-10472.191446234383,0.5362237795376974,0.0579515392385772,0.012791172397677263,0.5356609404125908,0.0005628391251065356
Percent Of,1e-08,1,squarem,35,-10472.191446231749,0.5362238945472716,0.05795142612688612,0.012791111215192644,0.5356610761000068,0.000562818447264847
Addition and Subtraction Integers,0.0001,0,plain,20,-11475.687059479393,0.5176980157022928,0.5367866072363313,0.006030676511239285,0.44001462141925307,0.07768339428303968
Addition and Subtraction Integers,0.0001,0,squarem,16,-11475.687035665602,0.517708414346917,0.5366705152111442,0.00603152705679161,0.44003876402810405,0.07766965031881287
Addition and Subtraction Integers,0.0001,1,plain,20,-11475.687086860476,0.5176952170859037,0.5368415864291319,0.006029183674005943,0.4400053740744496,0.07768984301145405
Addition and Subtraction Integers,0.0001,1,squarem,19,-11475.687035665618,0.5177084283041757,0.5366704649078944,0.006031523057916527,0.4400387880576476,0.07766964024652806
Addition and Subtraction Integers,1e-06,0,plain,24,-11475.687036187494,0.5177071433419407,0.5366877931690301,0.006031258790581813,0.44003545786717746,0.07767168547476326
Addition and Subtraction Integers,1e-06,0,squarem,16,-11475.687035665602,0.517708414346917,0.5366705152111442,0.00603152705679161,0.44003876402810405,0.07766965031881287
Addition and Subtraction Integers,1e-06,1,plain,25,-11475.687036124215,0.5177074712517463,0.5366865756957064,0.00603115549113335,0.4400359368120245,0.07767153443972176
Addition and Subtraction Integers,1e-06,1,squarem,22,-11475.6870356656,0.517708414073045,0.5366705197819617,0.006031527190441,0.44003876401018505,0.07766965006285992
Addition and Subtraction Integers,1e-08,0,plain,29,-11475.68703567034,0.5177083238936485,0.5366721442390806,0.0060314868901967834,0.4400384826196981,0.07766984127395046
Addition and Subtraction Integers,1e-08,0,squarem,19,-11475.6870356656,0.51770841433299,0.5366705171417644,0.00603152716969587,0.4400387637543481,0.07766965057864188
Addition and Subtraction Integers,1e-08,1,plain,30,-11475.687035669987,0.51770834852255,0.5366720531527676,0.0060314791124208246,0.4400385185486124,0.07766982997393762
Addition and Subtraction Integers,1e-08,1,squarem,22,-11475.6870356656,0.517708414073045,0.5366705197819617,0.006031527190441,0.44003876401018505,0.07766965006285992
Conversion of Fraction Decimals Percents,0.0001,0,plain,26,-12611.386541448523,0.5934153782565125,0.6021090408846338,0.012695725830779023,0.40891215117525204,0.18450322708126046
Conversion of Fraction Decimals Percents,0.0001,0,squarem,19,-12611.386413835242,0.5934111620721756,0.6018225644414191,0.012711466759128317,0.4089717012404425,0.18443946083173302
Conversion of Fraction Decimals Percents,0.0001,1,plain,28,-12611.3865450425,0.5934155952799884,0.602112982116814,0.012695419139092877,0.40891154771595434,0.18450404756403405
Conversion of Fraction Decimals Percents,0.0001,1,squarem,19,-12611.386413836035,0.5934113338475454,0.6018225316317943,0.012711429088466515,0.40897171437164614,0.18443961947589924
Conversion of Fraction Decimals Percents,1e-06,0,plain,35,-12611.386414679619,0.5934115492143841,0.6018458603111098,0.012710160708523007,0.40896693163715836,0.18444461757722572
Conversion of Fraction Decimals Percents,1e-06,0,squarem,22,-12611.38641383517,0.5934111901827764,0.6018225579123055,0.01271145066101222,0.40897175217309395,0.18443943800968246
Conversion of Fraction Decimals Percents,1e-06,1,plain,37,-12611.386414703411,0.5934115553659425,0.6018461858128775,0.012710142048155246,0.40896686581573816,0.18444468955020435
Conversion of Fraction Decimals Percents,1e-06,1,squarem,22,-12611.386413835196,0.5934111913843756,0.6018226906214152,0.01271144360594094,0.40897172562952766,0.1844394657548479
Conversion of Fraction Decimals Percents,1e-08,0,plain,43,-12611.386413844943,0.5934112281823114,0.6018250657489713,0.012711312013260211,0.408971234410673,0.18443999377163842
Conversion of Fraction Decimals Percents,1e-08,0,squarem,22,-12611.38641383517,0.5934111901827764,0.6018225579123055,0.01271145066101222,0.40897175217309395,0.18443943800968246
Conversion of Fraction Decimals Percents,1e-08,1,plain,45,-12611.386413845215,0.5934112287394883,0.6018251008041385,0.012711310063303156,0.40897122717890944,0.1844400015605788
Conversion of Fraction Decimals Percents,1e-08,1,squarem,22,-12611.386413835196,0.5934111913843756,0.6018226906214152,0.01271144360594094,0.40897172562952766,0.1844394657548479
Volume Rectangular Prism,0.0001,0,plain,29,-4152.913273446768,0.5530432489773268,0.6978634816457098,0.003750015633649704,0.5477574656266125,0.0052857833507142455
Volume Rectangular Prism,0.0001,0,squarem,26,-4098.16998952319,0.5883719137348139,0.6478913112407336,0.0031003890785730407,0.5883719127348139,1.0000000000000009e-09
Volume Rectangular Prism,0.0001,1,plain,30,-4152.913274015989,0.5530430260460946,0.69786732885788,0.0037500120404030716,0.5477572136550753,0.005285812391019221
Volume Rectangular Prism,0.0001,1,squarem,25,-4152.9132633488225,0.5530512300537799,0.6977249512067151,0.0037501445764997355,0.5477664798822516,0.00528475017152828
Volume Rectangular Prism,1e-06,0,plain,32,-4152.913263421606,0.5530505572520814,0.6977366776873043,0.003750133690554076,0.547765720381697,0.005284836870384382
Volume Rectangular Prism,1e-06,0,squarem,30,-4098.169988944605,0.5883730457335075,0.6478612839389803,0.0031004032708160005,0.5883730447335075,1.0000000000000009e-09
Volume Rectangular Prism,1e-06,1,plain,33,-4152.913263425708,0.5530505384638233,0.6977370050794237,0.003750133386542591,0.5477656991715445,0.005284839292278901
Volume Rectangular Prism,1e-06,1,squarem,25,-4152.9132633488225,0.5530512300537799,0.6977249512067151,0.0037501445764997355,0.5477664798822516,0.00528475017152828
Volume Rectangular Prism,1e-08,0,plain,35,-4152.913263349346,0.5530511755529991,0.6977259008330702,0.0037501436960756035,0.5477664183628558,0.005284757190143313
Volume Rectangular Prism,1e-08,0,squarem,38,-4098.169988934105,0.5883732171745207,0.6478567352128318,0.0031004054633945017,0.5883732161745208,1.0000000000000009e-09
Volume Rectangular Prism,1e-08,1,plain,36,-4152.913263349376,0.5530511739586549,0.6977259286284656,0.003750143670273653,0.5477664165630983,0.005284757395556517
Volume Rectangular Prism,1e-08,1,squarem,28,-4152.913263348821,0.5530512328984514,0.697724901076883,0.003750144624071359,0.5477664830964655,0.00528474980198589
Venn Diagram,0.0001,0,plain,19,-7389.66557540131,0.20670533107940903,0.7624331789620177,0.06341665160105242,0.07504742295024393,0.1316579081291651
Venn Diagram,0.0001,0,squarem,16,-7389.665527170529,0.20668074148106932,0.7626448550252336,0.06335426937969768,0.07501177133622669,0.13166897014484263
Venn Diagram,0.0001,1,plain,18,-7389.665564181716,0.2067019511384791,0.7624593102174829,0.06340906146442549,0.07504265083056284,0.13165930030791625
Venn Diagram,0.0001,1,squarem,13,-7389.665527170844,0.20668053745497778,0.7626447384539385,0.06335433745040114,0.07501156110256393,0.13166897635241384
Venn Diagram,1e-06,0,plain,24,-7389.665527856308,0.20668364389234337,0.7626196032012208,0.06336172352644913,0.07501599104101617,0.1316676528513272
Venn Diagram,1e-06,0,squarem,16,-7389.665527170529,0.20668074148106932,0.7626448550252336,0.06335426937969768,0.07501177133622669,0.13166897014484263
Venn Diagram,1e-06,1,plain,23,-7389.665527696763,0.20668327814995807,0.7626227318855826,0.06336080219351992,0.07501546157312812,0.13166781657682994
Venn Diagram,1e-06,1,squarem,16,-7389.665527170531,0.20668074297919029,0.7626448483761737,0.06335427271872601,0.07501177299233538,0.1316689699868549
Venn Diagram,1e-08,0,plain,30,-7389.665527174694,0.20668096895557797,0.7626428816565259,0.0633548536411671,0.0750121015150577,0.13166886744052028
Venn Diagram,1e-08,0,squarem,19,-7389.6655271705295,0.20668074323831814,0.7626448502666893,0.06335427249622551,0.07501177311895407,0.13166897011936407
Venn Diagram,1e-08,1,plain,29,-7389.665527173726,0.20668094093486122,0.7626431256011638,0.0633547816446132,0.07501206076658379,0.13166888016827744
Venn Diagram,1e-08,1,squarem,16,-7389.665527170531,0.20668074297919029,0.7626448483761737,0.06335427271872601,0.07501177299233538,0.1316689699868549
Equation Solving Two or Fewer Steps,0.0001,0,plain,42,-10475.048768557444,0.5362164590307926,0.6392240577419489,0.03811490271802789,0.284257214004895,0.2519592450258976
Equation Solving Two or Fewer Steps,0.0001,0,squarem,22,-10475.048412746859,0.5365154121548044,0.6386788488538885,0.038090639426488125,0.284690418963501,0.2518249931913034
Equation Solving Two or Fewer Steps,0.0001,1,plain,51,-10475.04878828698,0.5362080539109595,0.6392394574950861,0.0381155653402694,0.2842450283140099,0.25196302559694966
Equation Solving Two or Fewer Steps,0.0001,1,squarem,22,-10475.048415840261,0.536553644192874,0.6386066793650884,0.038087609931174445,0.2847459022863211,0.2518077419065529
Equation Solving Two or Fewer Steps,1e-06,0,plain,62,-10475.048415766432,0.5364937527384719,0.6387147612291745,0.038093138365654027,0.28465938856767975,0.2518343641707921
Equation Solving Two or Fewer Steps,1e-06,0,squarem,25,-10475.048412469678,0.5365208238091925,0.6386653712299317,0.03809093613104202,0.28469861512969574,0.25182220867949684
Equation Solving Two or Fewer Steps,1e-06,1,plain,71,-10475.048415951333,0.5364929405892729,0.6387162565901748,0.03809320179792484,0.28465821020263893,0.251834730386634
Equation Solving Two or Fewer Steps,1e-06,1,squarem,28,-10475.048412485587,0.536526646576658,0.6386541043323755,0.03809054981170251,0.2847071140446228,0.2518195325320353
Equation Solving Two or Fewer Steps,1e-08,0,plain,82,-10475.048412474502,0.5365204898111379,0.6386655197755173,0.0380910510961257,0.2846981834704824,0.25182230634065544
Equation Solving Two or Fewer Steps,1e-08,0,squarem,31,-10475.048412443766,0.5365232513741309,0.6386604517517411,0.03809083694394532,0.2847021837008339,0.2518210676732971
Equation Solving Two or Fewer Steps,1e-08,1,plain,91,-10475.048412476213,0.5365204116583027,0.638665663743213,0.038091057194390945,0.28469807006820175,0.25182234159010086
Equation Solving Two or Fewer Steps,1e-08,1,squarem,34,-10475.04841244395,0.5365235731771304,0.6386598410915073,0.03809080948010824,0.2847026572643678,0.2518209159127626
Volume Cylinder,0.0001,0,plain,11,-4068.312009744016,0.1332753046444247,0.6693396884954376,0.01200231340891456,0.00943106291469043,0.12384424172973425
Volume Cylinder,0.0001,0,squarem,10,-4068.3120067147365,0.13327801092584868,0.6693977118138453,0.011999354978366034,0.00942982540355054,0.12384818552229813
Volume Cylinder,0.0001,1,plain,10,-4068.3120214875894,0.13327204399237982,0.6692699403880329,0.012005877785517562,0.009432526990311985,0.12383951700206784
Volume Cylinder,0.0001,1,squarem,10,-4068.312006714628,0.1332779964774431,0.6693973658962914,0.011999369704368134,0.009429830457240797,0.1238481660202023
Volume Cylinder,1e-06,0,plain,13,-4068.3120067857153,0.13327758260977707,0.6693885386763082,0.011999823391778425,0.0094300224807037,0.12384756012907336
Volume Cylinder,1e-06,0,squarem,13,-4068.3120067146237,0.1332779941375439,0.6693973730048193,0.011999373569709352,0.009429833134686129,0.12384816100285778
Volume Cylinder,1e-06,1,plain,13,-4068.3120067677282,0.13327763843271265,0.6693897375317742,0.011999762371199025,0.009429996739954361,0.12384764169275828
Volume Cylinder,1e-06,1,squarem,10,-4068.312006714628,0.1332779964774431,0.6693973658962914,0.011999369704368134,0.009429830457240797,0.1238481660202023
Volume Cylinder,1e-08,0,plain,15,-4068.312006716292,0.13327793111408395,0.6693960198858168,0.011999442462868907,0.009429862185622773,0.12384806892846119
Volume Cylinder,1e-08,0,squarem,13,-4068.3120067146237,0.1332779941375439,0.6693973730048193,0.011999373569709352,0.009429833134686129,0.12384816100285778
Volume Cylinder,1e-08,1,plain,15,-4068.312006715868,0.13327793966554397,0.6693962035369209,0.011999433115546784,0.009429858241624907,0.12384808142391905
Volume Cylinder,1e-08,1,squarem,13,-4068.312006714623,0.13327799420259726,0.6693973746319385,0.011999373503140072,0.009429833103106406,0.12384816109949084
Multiplication and Division Integers,0.0001,0,plain,4,-6745.837205584451,0.34842224877324285,0.7754076161854502,0.13547425215882847,0.15039206165734173,0.19803018711590112
Multiplication and Division Integers,0.0001,0,squarem,7,-6745.837205584448,0.3484222487732429,0.7754076161854498,0.13547425215882863,0.1503920616573418,0.19803018711590106
Multiplication and Division Integers,0.0001,1,plain,2,-7452.206630723554,0.1907340842347554,0.2793621025864157,0.30211357270475536,0.05003431244520347,0.14069977178955193
Multiplication and Division Integers,0.0001,1,squarem,4,-7452.206630723554,0.19073408423475538,0.2793621025864157,0.30211357270475536,0.05003431244520346,0.14069977178955193
Multiplication and Division Integers,1e-06,0,plain,4,-6745.837205584451,0.34842224877324285,0.7754076161854502,0.13547425215882847,0.15039206165734173,0.19803018711590112
Multiplication and Division Integers,1e-06,0,squarem,7,-6745.837205584448,0.3484222487732429,0.7754076161854498,0.13547425215882863,0.1503920616573418,0.19803018711590106
Multiplication and Division Integers,1e-06,1,plain,2,-7452.206630723554,0.1907340842347554,0.2793621025864157,0.30211357270475536,0.05003431244520347,0.14069977178955193
Multiplication and Division Integers,1e-06,1,squarem,4,-7452.206630723554,0.19073408423475538,0.2793621025864157,0.30211357270475536,0.05003431244520346,0.14069977178955193
Multiplication and Division Integers,1e-08,0,plain,4,-6745.837205584451,0.34842224877324285,0.7754076161854502,0.13547425215882847,0.15039206165734173,0.19803018711590112
Multiplication and Division Integers,1e-08,0,squarem,7,-6745.837205584448,0.3484222487732429,0.7754076161854498,0.13547425215882863,0.1503920616573418,0.19803018711590106
Multiplication and Division Integers,1e-08,1,plain,2,-7452.206630723554,0.1907340842347554,0.2793621025864157,0.30211357270475536,0.05003431244520347,0.14069977178955193
Multiplication and Division Integers,1e-08,1,squarem,4,-7452.206630723554,0.19073408423475538,0.2793621025864157,0.30211357270475536,0.05003431244520346,0.14069977178955193
